-- ----------------------------
-- Table structure for JIMU_REPORT_DATA_SOURCE
-- ----------------------------
CREATE TABLE "JEECGBOOT"."JIMU_REPORT_DATA_SOURCE" (
  "ID" NVARCHAR2(36) NOT NULL ,
  "NAME" NVARCHAR2(100) ,
  "REPORT_ID" NVARCHAR2(100) ,
  "CODE" NVARCHAR2(100) ,
  "REMARK" NVARCHAR2(200) ,
  "DB_TYPE" NVARCHAR2(10) ,
  "DB_DRIVER" NVARCHAR2(100) ,
  "DB_URL" NVARCHAR2(500) ,
  "DB_USERNAME" NVARCHAR2(100) ,
  "DB_PASSWORD" NVARCHAR2(100) ,
  "CREATE_BY" NVARCHAR2(50) ,
  "CREATE_TIME" DATE ,
  "UPDATE_BY" NVARCHAR2(50) ,
  "UPDATE_TIME" DATE 
)
TABLESPACE "USERS"
LOGGING
NOCOMPRESS
PCTFREE 10
INITRANS 1
STORAGE (
  INITIAL 65536 
  NEXT 1048576 
  MINEXTENTS 1
  MAXEXTENTS 2147483645
  BUFFER_POOL DEFAULT
)
PARALLEL 1
NOCACHE
DISABLE ROW MOVEMENT
;
COMMENT ON COLUMN "JEECGBOOT"."JIMU_REPORT_DATA_SOURCE"."NAME" IS '数据源名称';
COMMENT ON COLUMN "JEECGBOOT"."JIMU_REPORT_DATA_SOURCE"."REPORT_ID" IS '报表_id';
COMMENT ON COLUMN "JEECGBOOT"."JIMU_REPORT_DATA_SOURCE"."CODE" IS '编码';
COMMENT ON COLUMN "JEECGBOOT"."JIMU_REPORT_DATA_SOURCE"."REMARK" IS '备注';
COMMENT ON COLUMN "JEECGBOOT"."JIMU_REPORT_DATA_SOURCE"."DB_TYPE" IS '数据库类型';
COMMENT ON COLUMN "JEECGBOOT"."JIMU_REPORT_DATA_SOURCE"."DB_DRIVER" IS '驱动类';
COMMENT ON COLUMN "JEECGBOOT"."JIMU_REPORT_DATA_SOURCE"."DB_URL" IS '数据源地址';
COMMENT ON COLUMN "JEECGBOOT"."JIMU_REPORT_DATA_SOURCE"."DB_USERNAME" IS '用户名';
COMMENT ON COLUMN "JEECGBOOT"."JIMU_REPORT_DATA_SOURCE"."DB_PASSWORD" IS '密码';
COMMENT ON COLUMN "JEECGBOOT"."JIMU_REPORT_DATA_SOURCE"."CREATE_BY" IS '创建人';
COMMENT ON COLUMN "JEECGBOOT"."JIMU_REPORT_DATA_SOURCE"."CREATE_TIME" IS '创建日期';
COMMENT ON COLUMN "JEECGBOOT"."JIMU_REPORT_DATA_SOURCE"."UPDATE_BY" IS '更新人';
COMMENT ON COLUMN "JEECGBOOT"."JIMU_REPORT_DATA_SOURCE"."UPDATE_TIME" IS '更新日期';

-- ----------------------------
-- Records of JIMU_REPORT_DATA_SOURCE
-- ----------------------------
INSERT INTO "JEECGBOOT"."JIMU_REPORT_DATA_SOURCE" VALUES ('1324261983692902402', 'jeewx', '1324261770294071296', NULL, NULL, 'MYSQL', 'com.mysql.jdbc.Driver', 'jdbc:mysql://127.0.0.1:3306/jeewx-boot?useUnicode=true&characterEncoding=UTF-8&serverTimezone=GMT%2B8', 'root', 'root', 'jeecg', TO_DATE('2020-11-05 16:07:15', 'SYYYY-MM-DD HH24:MI:SS'), NULL, TO_DATE('2020-11-05 16:07:15', 'SYYYY-MM-DD HH24:MI:SS'));

-- ----------------------------
-- Table structure for JIMU_REPORT_DB
-- ----------------------------
CREATE TABLE "JEECGBOOT"."JIMU_REPORT_DB" (
  "ID" NVARCHAR2(36) NOT NULL ,
  "JIMU_REPORT_ID" NVARCHAR2(32) ,
  "CREATE_BY" NVARCHAR2(50) ,
  "UPDATE_BY" NVARCHAR2(50) ,
  "CREATE_TIME" DATE ,
  "UPDATE_TIME" DATE ,
  "DB_CODE" NVARCHAR2(32) ,
  "DB_CH_NAME" NVARCHAR2(50) ,
  "DB_TYPE" NVARCHAR2(32) ,
  "DB_TABLE_NAME" NVARCHAR2(32) ,
  "DB_DYN_SQL" NCLOB ,
  "DB_KEY" NVARCHAR2(32) ,
  "TB_DB_KEY" NVARCHAR2(32) ,
  "TB_DB_TABLE_NAME" NVARCHAR2(32) ,
  "JAVA_TYPE" NVARCHAR2(32) ,
  "JAVA_VALUE" NVARCHAR2(255) ,
  "API_URL" NVARCHAR2(255) ,
  "API_METHOD" NVARCHAR2(255) ,
  "IS_PAGE" NVARCHAR2(10) ,
  "DB_SOURCE" NVARCHAR2(255) ,
  "DB_SOURCE_TYPE" NVARCHAR2(50) 
)
TABLESPACE "USERS"
LOGGING
NOCOMPRESS
PCTFREE 10
INITRANS 1
STORAGE (
  INITIAL 65536 
  NEXT 1048576 
  MINEXTENTS 1
  MAXEXTENTS 2147483645
  BUFFER_POOL DEFAULT
)
PARALLEL 1
NOCACHE
DISABLE ROW MOVEMENT
;
COMMENT ON COLUMN "JEECGBOOT"."JIMU_REPORT_DB"."ID" IS 'id';
COMMENT ON COLUMN "JEECGBOOT"."JIMU_REPORT_DB"."JIMU_REPORT_ID" IS '主键字段';
COMMENT ON COLUMN "JEECGBOOT"."JIMU_REPORT_DB"."CREATE_BY" IS '创建人登录名称';
COMMENT ON COLUMN "JEECGBOOT"."JIMU_REPORT_DB"."UPDATE_BY" IS '更新人登录名称';
COMMENT ON COLUMN "JEECGBOOT"."JIMU_REPORT_DB"."CREATE_TIME" IS '创建日期';
COMMENT ON COLUMN "JEECGBOOT"."JIMU_REPORT_DB"."UPDATE_TIME" IS '更新日期';
COMMENT ON COLUMN "JEECGBOOT"."JIMU_REPORT_DB"."DB_CODE" IS '数据集编码';
COMMENT ON COLUMN "JEECGBOOT"."JIMU_REPORT_DB"."DB_CH_NAME" IS '数据集名字';
COMMENT ON COLUMN "JEECGBOOT"."JIMU_REPORT_DB"."DB_TYPE" IS '数据源类型';
COMMENT ON COLUMN "JEECGBOOT"."JIMU_REPORT_DB"."DB_TABLE_NAME" IS '数据库表名';
COMMENT ON COLUMN "JEECGBOOT"."JIMU_REPORT_DB"."DB_DYN_SQL" IS '动态查询SQL';
COMMENT ON COLUMN "JEECGBOOT"."JIMU_REPORT_DB"."DB_KEY" IS '数据源KEY';
COMMENT ON COLUMN "JEECGBOOT"."JIMU_REPORT_DB"."TB_DB_KEY" IS '填报数据源';
COMMENT ON COLUMN "JEECGBOOT"."JIMU_REPORT_DB"."TB_DB_TABLE_NAME" IS '填报数据表';
COMMENT ON COLUMN "JEECGBOOT"."JIMU_REPORT_DB"."JAVA_TYPE" IS 'java类数据集  类型（spring:springkey,class:java类名）';
COMMENT ON COLUMN "JEECGBOOT"."JIMU_REPORT_DB"."JAVA_VALUE" IS 'java类数据源  数值（bean key/java类名）';
COMMENT ON COLUMN "JEECGBOOT"."JIMU_REPORT_DB"."API_URL" IS '请求地址';
COMMENT ON COLUMN "JEECGBOOT"."JIMU_REPORT_DB"."API_METHOD" IS '请求方法0-get,1-post';
COMMENT ON COLUMN "JEECGBOOT"."JIMU_REPORT_DB"."IS_PAGE" IS '是否作为分页,0:不分页，1:分页';
COMMENT ON COLUMN "JEECGBOOT"."JIMU_REPORT_DB"."DB_SOURCE" IS '数据源';
COMMENT ON COLUMN "JEECGBOOT"."JIMU_REPORT_DB"."DB_SOURCE_TYPE" IS '数据库类型 MYSQL ORACLE SQLSERVER';

-- ----------------------------
-- Records of JIMU_REPORT_DB
-- ----------------------------
INSERT INTO "JEECGBOOT"."JIMU_REPORT_DB" VALUES ('1224272692274794497', '52c7022b724e202f98acac3546f42406', 'admin', NULL, TO_DATE('2020-11-05 17:32:24', 'SYYYY-MM-DD HH24:MI:SS'), TO_DATE('2020-11-05 17:32:24', 'SYYYY-MM-DD HH24:MI:SS'), 'income', 'income', '0', NULL, 'select * from rep_demo_income', NULL, NULL, NULL, NULL, NULL, NULL, NULL, '0', NULL, 'MYSQL');
INSERT INTO "JEECGBOOT"."JIMU_REPORT_DB" VALUES ('1224643501392728065', 'e5692be4d9a844511366fbb4ef575a31', 'admin', NULL, TO_DATE('2020-11-05 17:33:27', 'SYYYY-MM-DD HH24:MI:SS'), TO_DATE('2020-11-05 17:33:27', 'SYYYY-MM-DD HH24:MI:SS'), 'employee', 'employee', '0', NULL, 'select * from rep_demo_employee  where id=''${id}'' and sex=''${sex}''', NULL, NULL, NULL, NULL, NULL, NULL, NULL, '0', NULL, 'MYSQL');
INSERT INTO "JEECGBOOT"."JIMU_REPORT_DB" VALUES ('1225317914627805185', 'ec41c1f05a37fd6de034cf244743aa8f', 'admin', NULL, TO_DATE('2020-11-05 17:34:04', 'SYYYY-MM-DD HH24:MI:SS'), TO_DATE('2020-11-05 17:34:04', 'SYYYY-MM-DD HH24:MI:SS'), 'chuku', 'chuku', '0', NULL, 'select * from joa_busines_strip where apply_no = ''${apply_no}'' ', NULL, NULL, NULL, NULL, NULL, NULL, NULL, '0', NULL, 'MYSQL');
INSERT INTO "JEECGBOOT"."JIMU_REPORT_DB" VALUES ('1272816825196900354', '9f3cb6a871c40bb2ce3aaae5c02bdd20', 'admin', NULL, TO_DATE('2020-11-05 17:38:53', 'SYYYY-MM-DD HH24:MI:SS'), TO_DATE('2020-11-05 17:38:53', 'SYYYY-MM-DD HH24:MI:SS'), 'kaoqin', 'kaoqin', '0', NULL, 'select * from rep_demo_kaoqin', NULL, NULL, NULL, NULL, NULL, NULL, NULL, '1', NULL, 'MYSQL');
INSERT INTO "JEECGBOOT"."JIMU_REPORT_DB" VALUES ('1272834687525482497', '53c82a76f837d5661dceec7d93afafec', 'jeecg', NULL, TO_DATE('2020-08-03 15:49:36', 'SYYYY-MM-DD HH24:MI:SS'), TO_DATE('2020-08-03 15:49:36', 'SYYYY-MM-DD HH24:MI:SS'), 'jianpiao', 'jianpiao', '0', NULL, 'select * from rep_demo_jianpiao where s_id=''${id}''', NULL, NULL, NULL, NULL, NULL, NULL, NULL, '1', NULL, 'MYSQL');
INSERT INTO "JEECGBOOT"."JIMU_REPORT_DB" VALUES ('1272858455908073473', 'ff9bd143582a6dfed897ba8b6f93b175', 'jeecg', NULL, TO_DATE('2020-07-28 18:07:01', 'SYYYY-MM-DD HH24:MI:SS'), TO_DATE('2020-07-28 18:07:01', 'SYYYY-MM-DD HH24:MI:SS'), 'xiaoshou', 'xiaoshou', '0', NULL, 'select * from rep_demo_xiaoshou where s_id=''${id}''', NULL, NULL, NULL, NULL, NULL, NULL, NULL, '1', NULL, 'MYSQL');
INSERT INTO "JEECGBOOT"."JIMU_REPORT_DB" VALUES ('1273069349434863618', 'b1ce8ef4f5eb54614a8368710e7b945f', NULL, NULL, TO_DATE('2020-06-17 09:46:00', 'SYYYY-MM-DD HH24:MI:SS'), TO_DATE('2020-06-17 16:56:14', 'SYYYY-MM-DD HH24:MI:SS'), 'deliveryorder', 'deliveryorder', '0', NULL, 'select * from rep_demo_deliveryorder', NULL, NULL, NULL, NULL, NULL, NULL, NULL, '1', NULL, 'MYSQL');
INSERT INTO "JEECGBOOT"."JIMU_REPORT_DB" VALUES ('1273157643468333058', 'd21a83d3299a0fb32ef5010e38ba2646', 'admin', NULL, TO_DATE('2020-11-05 17:40:10', 'SYYYY-MM-DD HH24:MI:SS'), TO_DATE('2020-11-05 17:40:10', 'SYYYY-MM-DD HH24:MI:SS'), 'kaoqin', 'kaoqin', '0', NULL, 'select * from rep_demo_kaoqin', NULL, NULL, NULL, NULL, NULL, NULL, NULL, '1', NULL, 'MYSQL');
INSERT INTO "JEECGBOOT"."JIMU_REPORT_DB" VALUES ('1273205941680017410', '9dcd4ece71a16d77fa1a26a72a4f46a4', 'admin', NULL, TO_DATE('2020-11-05 17:40:44', 'SYYYY-MM-DD HH24:MI:SS'), TO_DATE('2020-11-05 17:40:44', 'SYYYY-MM-DD HH24:MI:SS'), 'salesrate', 'salesrate', '0', NULL, 'select * from rep_demo_salesrate', NULL, NULL, NULL, NULL, NULL, NULL, NULL, '1', NULL, 'MYSQL');
INSERT INTO "JEECGBOOT"."JIMU_REPORT_DB" VALUES ('1273495682564534273', 'ff9bd143582a6dfed897ba8b6f93b175', 'jeecg', NULL, TO_DATE('2020-08-03 09:55:26', 'SYYYY-MM-DD HH24:MI:SS'), TO_DATE('2020-08-03 09:55:26', 'SYYYY-MM-DD HH24:MI:SS'), 'gongsi', 'gongsi', '0', NULL, 'select * from rep_demo_gongsi where id=''${id}''', NULL, NULL, NULL, NULL, NULL, NULL, NULL, '0', NULL, 'MYSQL');
INSERT INTO "JEECGBOOT"."JIMU_REPORT_DB" VALUES ('1273525013525344258', 'd119966ae22463625e0fc9b94082f753', 'admin', NULL, TO_DATE('2020-11-05 17:37:08', 'SYYYY-MM-DD HH24:MI:SS'), TO_DATE('2020-11-05 17:37:08', 'SYYYY-MM-DD HH24:MI:SS'), 'dadong', 'dadong', '0', NULL, 'select * from rep_demo_dadong', NULL, NULL, NULL, NULL, NULL, NULL, NULL, '1', NULL, 'MYSQL');
INSERT INTO "JEECGBOOT"."JIMU_REPORT_DB" VALUES ('1282993618201612289', '7c02c224a2db56d0350069650033f702', 'admin', NULL, TO_DATE('2020-11-05 17:42:44', 'SYYYY-MM-DD HH24:MI:SS'), TO_DATE('2020-11-05 17:42:44', 'SYYYY-MM-DD HH24:MI:SS'), 'huizong1', 'huizong1', '0', NULL, 'select * from rep_demo_huizong', NULL, NULL, NULL, NULL, NULL, NULL, NULL, '1', NULL, 'MYSQL');
INSERT INTO "JEECGBOOT"."JIMU_REPORT_DB" VALUES ('1283730831482937345', '6059e405dd9c66a6d38e00841d2e40cc', 'admin', NULL, TO_DATE('2020-11-05 17:31:28', 'SYYYY-MM-DD HH24:MI:SS'), TO_DATE('2020-11-05 17:31:28', 'SYYYY-MM-DD HH24:MI:SS'), 'yaopin', 'yaopin', '1', NULL, NULL, NULL, NULL, NULL, NULL, NULL, 'http://api.jeecg.com/mock/26/baobiao/chufangjian', '0', '0', NULL, 'MYSQL');
INSERT INTO "JEECGBOOT"."JIMU_REPORT_DB" VALUES ('1283957016150249473', '6059e405dd9c66a6d38e00841d2e40cc', 'admin', NULL, TO_DATE('2020-11-05 17:31:33', 'SYYYY-MM-DD HH24:MI:SS'), TO_DATE('2020-11-05 17:31:33', 'SYYYY-MM-DD HH24:MI:SS'), 'yonghu', 'yonghu', '1', NULL, NULL, NULL, NULL, NULL, NULL, NULL, 'http://api.jeecg.com/mock/26/baobiao/yonghu', '0', '0', NULL, 'MYSQL');
INSERT INTO "JEECGBOOT"."JIMU_REPORT_DB" VALUES ('1284028534276038658', '57a5b6121a5b701811e248e98074d934', NULL, NULL, TO_DATE('2020-07-17 15:33:53', 'SYYYY-MM-DD HH24:MI:SS'), NULL, 'budong', 'budong', '1', NULL, NULL, NULL, NULL, NULL, NULL, NULL, 'http://api.jeecg.com/mock/26/baobiao/budongchan', '0', NULL, NULL, 'MYSQL');
INSERT INTO "JEECGBOOT"."JIMU_REPORT_DB" VALUES ('1284039349247156225', 'fb6832ee46a0778c1fbd51c461809d0f', 'admin', NULL, TO_DATE('2020-11-05 17:28:39', 'SYYYY-MM-DD HH24:MI:SS'), TO_DATE('2020-11-05 17:28:39', 'SYYYY-MM-DD HH24:MI:SS'), 'qiangxiu', 'qiangxiu', '1', NULL, NULL, NULL, NULL, NULL, NULL, NULL, 'http://api.jeecg.com/mock/26/baobiao/qiangxiu', '0', '0', NULL, 'MYSQL');
INSERT INTO "JEECGBOOT"."JIMU_REPORT_DB" VALUES ('1284070508744257537', 'a250846887abe01217aab173d3006489', 'admin', NULL, TO_DATE('2020-11-05 17:41:06', 'SYYYY-MM-DD HH24:MI:SS'), TO_DATE('2020-11-05 17:41:06', 'SYYYY-MM-DD HH24:MI:SS'), 'budong', 'budong', '1', NULL, NULL, NULL, NULL, NULL, NULL, NULL, 'http://api.jeecg.com/mock/26/baobiao/budongchan', '0', '0', NULL, 'MYSQL');
INSERT INTO "JEECGBOOT"."JIMU_REPORT_DB" VALUES ('1285157606524002305', 'a9f068972508920cd4aab831814f0c04', NULL, NULL, TO_DATE('2020-07-20 18:20:25', 'SYYYY-MM-DD HH24:MI:SS'), TO_DATE('2020-07-20 18:28:22', 'SYYYY-MM-DD HH24:MI:SS'), 'pdaibu', 'pdaibu', '1', NULL, NULL, NULL, NULL, NULL, NULL, NULL, 'http://api.jeecg.com/mock/26/baobiao/daibu', '0', NULL, NULL, 'MYSQL');
INSERT INTO "JEECGBOOT"."JIMU_REPORT_DB" VALUES ('1285164420728692737', '7905022412733a0c68dc7b4ef8947489', 'admin', NULL, TO_DATE('2020-11-05 17:45:46', 'SYYYY-MM-DD HH24:MI:SS'), TO_DATE('2020-11-05 17:45:46', 'SYYYY-MM-DD HH24:MI:SS'), 'jieshaoxin', 'jieshaoxin', '1', NULL, NULL, NULL, NULL, NULL, NULL, NULL, 'http://api.jeecg.com/mock/26/baobiao/jieshaoxin', '0', '0', NULL, 'MYSQL');
INSERT INTO "JEECGBOOT"."JIMU_REPORT_DB" VALUES ('1287958726233354241', '5104307fedacdf3332209874397c0576', 'admin', NULL, TO_DATE('2020-11-05 17:26:05', 'SYYYY-MM-DD HH24:MI:SS'), TO_DATE('2020-11-05 17:26:05', 'SYYYY-MM-DD HH24:MI:SS'), 'shixi', 'shixi', '1', NULL, NULL, NULL, NULL, NULL, NULL, NULL, 'http://api.jeecg.com/mock/26/baobiao/shixi', '0', '0', NULL, NULL);
INSERT INTO "JEECGBOOT"."JIMU_REPORT_DB" VALUES ('1288038655293661186', 'f6ee801e8bdc28ba9d63f95dc65ccd79', 'admin', NULL, TO_DATE('2020-11-05 17:25:40', 'SYYYY-MM-DD HH24:MI:SS'), TO_DATE('2020-11-05 17:25:40', 'SYYYY-MM-DD HH24:MI:SS'), 'caigou', 'caigou', '1', NULL, NULL, NULL, NULL, NULL, NULL, NULL, 'http://api.jeecg.com/mock/26/baobiao/caigou?pageNo=''${pageNo}''&pageSize=''${pageSize}''', '0', '1', NULL, NULL);
INSERT INTO "JEECGBOOT"."JIMU_REPORT_DB" VALUES ('1289140698221678593', '519c1c6f4d1f584ae8fa5b43b45acdc7', 'admin', NULL, TO_DATE('2020-10-29 18:06:24', 'SYYYY-MM-DD HH24:MI:SS'), TO_DATE('2020-10-29 18:06:24', 'SYYYY-MM-DD HH24:MI:SS'), 'xiaoshou', 'xiaoshou', '1', NULL, NULL, NULL, NULL, NULL, NULL, NULL, 'http://api.jeecg.com/mock/26/baobiao/xiaoshou?pageNo=''${pageNo}''&pageSize=''${pageSize}''', '0', '1', NULL, NULL);
INSERT INTO "JEECGBOOT"."JIMU_REPORT_DB" VALUES ('1290104038414721025', '53c82a76f837d5661dceec7d93afafec', 'admin', NULL, TO_DATE('2020-11-05 17:38:16', 'SYYYY-MM-DD HH24:MI:SS'), TO_DATE('2020-11-05 17:38:17', 'SYYYY-MM-DD HH24:MI:SS'), 'gongsi', 'gongsi', '0', NULL, 'select * from rep_demo_gongsi where id=''${id}''', NULL, NULL, NULL, NULL, NULL, NULL, NULL, '0', NULL, NULL);
INSERT INTO "JEECGBOOT"."JIMU_REPORT_DB" VALUES ('1290197413256069121', '519c1c6f4d1f584ae8fa5b43b45acdc7', 'jeecg', NULL, TO_DATE('2020-08-03 16:06:49', 'SYYYY-MM-DD HH24:MI:SS'), TO_DATE('2020-10-29 18:06:24', 'SYYYY-MM-DD HH24:MI:SS'), 'zongji', 'zongji', '1', NULL, NULL, NULL, NULL, NULL, NULL, NULL, 'http://api.jeecg.com/mock/26/baobiao/zongji', '0', '0', NULL, NULL);
INSERT INTO "JEECGBOOT"."JIMU_REPORT_DB" VALUES ('1291217511962902530', '767f1c8ce37a94fae440faef3a1e92aa', 'jeecg', NULL, TO_DATE('2020-08-03 15:19:54', 'SYYYY-MM-DD HH24:MI:SS'), TO_DATE('2020-08-03 15:19:54', 'SYYYY-MM-DD HH24:MI:SS'), 'xiaoshou', 'xiaoshou', '1', NULL, NULL, NULL, NULL, NULL, NULL, NULL, 'http://api.jeecg.com/mock/26/baobiao/xiaoshou?pageNo=''${pageNo}''&pageSize=''${pageSize}''', '0', '1', NULL, NULL);
INSERT INTO "JEECGBOOT"."JIMU_REPORT_DB" VALUES ('1291217512210366466', '767f1c8ce37a94fae440faef3a1e92aa', 'jeecg', NULL, TO_DATE('2020-08-03 16:06:49', 'SYYYY-MM-DD HH24:MI:SS'), TO_DATE('2020-08-03 16:06:49', 'SYYYY-MM-DD HH24:MI:SS'), 'zongji', 'zongji', '1', NULL, NULL, NULL, NULL, NULL, NULL, NULL, 'http://api.jeecg.com/mock/26/baobiao/zongji', '0', '0', NULL, NULL);
INSERT INTO "JEECGBOOT"."JIMU_REPORT_DB" VALUES ('1291217550135263234', '4af4501a0df7c60ca246f5178467b204', 'jeecg', NULL, TO_DATE('2020-07-28 11:51:04', 'SYYYY-MM-DD HH24:MI:SS'), TO_DATE('2020-07-28 11:51:04', 'SYYYY-MM-DD HH24:MI:SS'), 'shixi', 'shixi', '1', NULL, NULL, NULL, NULL, NULL, NULL, NULL, 'http://api.jeecg.com/mock/26/baobiao/shixi', '0', NULL, NULL, NULL);
INSERT INTO "JEECGBOOT"."JIMU_REPORT_DB" VALUES ('1291218450836881409', 'bbeb04782dac8fd6348e6c72c77d951f', NULL, NULL, TO_DATE('2020-07-20 18:20:25', 'SYYYY-MM-DD HH24:MI:SS'), TO_DATE('2020-07-20 18:28:22', 'SYYYY-MM-DD HH24:MI:SS'), 'pdaibu', 'pdaibu', '1', NULL, NULL, NULL, NULL, NULL, NULL, NULL, 'http://api.jeecg.com/mock/26/baobiao/daibu', '0', NULL, NULL, 'MYSQL');
INSERT INTO "JEECGBOOT"."JIMU_REPORT_DB" VALUES ('1291218483749584898', '776f331978e958bb2801490e99f32bcc', NULL, NULL, TO_DATE('2020-07-17 16:16:52', 'SYYYY-MM-DD HH24:MI:SS'), NULL, 'qiangxiu', 'qiangxiu', '1', NULL, NULL, NULL, NULL, NULL, NULL, NULL, 'http://api.jeecg.com/mock/26/baobiao/qiangxiu', '0', NULL, NULL, 'MYSQL');
INSERT INTO "JEECGBOOT"."JIMU_REPORT_DB" VALUES ('1291218559968477186', '1603a5abdfbd5d2beeba45fd26bcabce', 'jeecg', NULL, TO_DATE('2020-07-28 11:51:04', 'SYYYY-MM-DD HH24:MI:SS'), TO_DATE('2020-07-28 11:51:04', 'SYYYY-MM-DD HH24:MI:SS'), 'shixi', 'shixi', '1', NULL, NULL, NULL, NULL, NULL, NULL, NULL, 'http://api.jeecg.com/mock/26/baobiao/shixi', '0', NULL, NULL, NULL);
INSERT INTO "JEECGBOOT"."JIMU_REPORT_DB" VALUES ('1291310198925840385', 'e7c7dd7993ed58fa7fa810178b0b7592', NULL, NULL, TO_DATE('2020-02-04 18:38:58', 'SYYYY-MM-DD HH24:MI:SS'), TO_DATE('2020-06-08 15:22:01', 'SYYYY-MM-DD HH24:MI:SS'), 'employee', 'employee', '0', NULL, 'select * from rep_demo_employee  where id=''${id}'' and sex=''${sex}''', NULL, NULL, NULL, NULL, NULL, NULL, NULL, NULL, NULL, 'MYSQL');
INSERT INTO "JEECGBOOT"."JIMU_REPORT_DB" VALUES ('1291311312320614401', '3f1865898d149cc4d29c2ea73b11ef77', 'jeecg', NULL, TO_DATE('2020-07-28 11:51:04', 'SYYYY-MM-DD HH24:MI:SS'), TO_DATE('2020-07-28 11:51:04', 'SYYYY-MM-DD HH24:MI:SS'), 'shixi', 'shixi', '1', NULL, NULL, NULL, NULL, NULL, NULL, NULL, 'http://api.jeecg.com/mock/26/baobiao/shixi', '0', NULL, NULL, NULL);
INSERT INTO "JEECGBOOT"."JIMU_REPORT_DB" VALUES ('1291549569390243841', 'dfbc0b68722bed153cc0a5ec9b856ccf', 'jeecg', NULL, TO_DATE('2020-07-31 16:18:11', 'SYYYY-MM-DD HH24:MI:SS'), TO_DATE('2020-07-31 16:18:11', 'SYYYY-MM-DD HH24:MI:SS'), 'caigou', 'caigou', '1', NULL, NULL, NULL, NULL, NULL, NULL, NULL, 'http://api.jeecg.com/mock/26/baobiao/caigou?pageNo=''${pageNo}''&pageSize=''${pageSize}''', '0', '1', NULL, NULL);
INSERT INTO "JEECGBOOT"."JIMU_REPORT_DB" VALUES ('1291549584305188865', 'dcb357993dd7bdc6088d5b700bca81e6', NULL, NULL, TO_DATE('2020-07-20 18:20:25', 'SYYYY-MM-DD HH24:MI:SS'), TO_DATE('2020-07-20 18:28:22', 'SYYYY-MM-DD HH24:MI:SS'), 'pdaibu', 'pdaibu', '1', NULL, NULL, NULL, NULL, NULL, NULL, NULL, 'http://api.jeecg.com/mock/26/baobiao/daibu', '0', NULL, NULL, 'MYSQL');
INSERT INTO "JEECGBOOT"."JIMU_REPORT_DB" VALUES ('1308646473898983425', '1308645288868712448', 'admin', NULL, TO_DATE('2020-11-15 12:58:34', 'SYYYY-MM-DD HH24:MI:SS'), TO_DATE('2020-11-15 12:58:34', 'SYYYY-MM-DD HH24:MI:SS'), 'tongji_days_user', 'tongji_days_user', '0', NULL, 'select count(*) ct,DATE_FORMAT(create_time, ''%Y-%m-%d'') as date  from sys_user GROUP BY date', NULL, NULL, NULL, NULL, NULL, NULL, NULL, '0', NULL, 'MYSQL');
INSERT INTO "JEECGBOOT"."JIMU_REPORT_DB" VALUES ('1324268497690275841', '1324268352960598016', 'jeecg', NULL, TO_DATE('2020-11-05 16:33:08', 'SYYYY-MM-DD HH24:MI:SS'), TO_DATE('2020-11-05 16:33:08', 'SYYYY-MM-DD HH24:MI:SS'), 'dddd', 'ddd', '0', NULL, 'select * from jw_web_jwid', NULL, NULL, NULL, NULL, NULL, NULL, NULL, '0', '1324261983692902402', NULL);
INSERT INTO "JEECGBOOT"."JIMU_REPORT_DB" VALUES ('1324279359998005250', '1324279359805067265', 'admin', NULL, TO_DATE('2020-10-29 18:06:24', 'SYYYY-MM-DD HH24:MI:SS'), TO_DATE('2020-10-29 18:06:24', 'SYYYY-MM-DD HH24:MI:SS'), 'xiaoshou', 'xiaoshou', '1', NULL, NULL, NULL, NULL, NULL, NULL, NULL, 'http://api.jeecg.com/mock/26/baobiao/xiaoshou?pageNo=''${pageNo}''&pageSize=''${pageSize}''', '0', '1', NULL, NULL);
INSERT INTO "JEECGBOOT"."JIMU_REPORT_DB" VALUES ('1324279360333549569', '1324279359805067265', 'jeecg', NULL, TO_DATE('2020-08-03 16:06:49', 'SYYYY-MM-DD HH24:MI:SS'), TO_DATE('2020-10-29 18:06:24', 'SYYYY-MM-DD HH24:MI:SS'), 'zongji', 'zongji', '1', NULL, NULL, NULL, NULL, NULL, NULL, NULL, 'http://api.jeecg.com/mock/26/baobiao/zongji', '0', '0', NULL, NULL);
INSERT INTO "JEECGBOOT"."JIMU_REPORT_DB" VALUES ('1324279456571854849', '1324279456462802946', NULL, NULL, TO_DATE('2020-07-17 16:16:52', 'SYYYY-MM-DD HH24:MI:SS'), NULL, 'qiangxiu', 'qiangxiu', '1', NULL, NULL, NULL, NULL, NULL, NULL, NULL, 'http://api.jeecg.com/mock/26/baobiao/qiangxiu', '0', NULL, NULL, 'MYSQL');
INSERT INTO "JEECGBOOT"."JIMU_REPORT_DB" VALUES ('1329325550314045441', '1329325191582584832', 'admin', NULL, TO_DATE('2020-11-19 15:35:22', 'SYYYY-MM-DD HH24:MI:SS'), TO_DATE('2020-11-19 15:35:22', 'SYYYY-MM-DD HH24:MI:SS'), 'userreport', '统计用户数据', '0', NULL, 'select * from sys_user', NULL, NULL, NULL, NULL, NULL, NULL, NULL, '1', NULL, 'MYSQL');
INSERT INTO "JEECGBOOT"."JIMU_REPORT_DB" VALUES ('1329327316048920577', '1329325191582584832', 'admin', NULL, TO_DATE('2020-11-19 15:40:15', 'SYYYY-MM-DD HH24:MI:SS'), TO_DATE('2020-11-19 15:40:15', 'SYYYY-MM-DD HH24:MI:SS'), 'tj_sexcount', '统计性别人数', '0', NULL, 'select count(1),sex from sys_user group by sex HAVING sex is not null', NULL, NULL, NULL, NULL, NULL, NULL, NULL, '0', NULL, 'MYSQL');

-- ----------------------------
-- Table structure for JIMU_REPORT_DB_FIELD
-- ----------------------------
CREATE TABLE "JEECGBOOT"."JIMU_REPORT_DB_FIELD" (
  "ID" NVARCHAR2(36) NOT NULL ,
  "CREATE_BY" NVARCHAR2(50) ,
  "CREATE_TIME" DATE ,
  "UPDATE_BY" NVARCHAR2(50) ,
  "UPDATE_TIME" DATE ,
  "JIMU_REPORT_DB_ID" NVARCHAR2(32) ,
  "FIELD_NAME" NVARCHAR2(80) ,
  "FIELD_TEXT" NVARCHAR2(50) ,
  "WIDGET_TYPE" NVARCHAR2(50) ,
  "WIDGET_WIDTH" NUMBER(11) ,
  "ORDER_NUM" NUMBER(11) ,
  "SEARCH_FLAG" NUMBER(11) ,
  "SEARCH_MODE" NUMBER(11) ,
  "DICT_CODE" NVARCHAR2(255) 
)
TABLESPACE "USERS"
LOGGING
NOCOMPRESS
PCTFREE 10
INITRANS 1
STORAGE (
  INITIAL 65536 
  NEXT 1048576 
  MINEXTENTS 1
  MAXEXTENTS 2147483645
  BUFFER_POOL DEFAULT
)
PARALLEL 1
NOCACHE
DISABLE ROW MOVEMENT
;
COMMENT ON COLUMN "JEECGBOOT"."JIMU_REPORT_DB_FIELD"."ID" IS 'id';
COMMENT ON COLUMN "JEECGBOOT"."JIMU_REPORT_DB_FIELD"."CREATE_BY" IS '创建人登录名称';
COMMENT ON COLUMN "JEECGBOOT"."JIMU_REPORT_DB_FIELD"."CREATE_TIME" IS '创建日期';
COMMENT ON COLUMN "JEECGBOOT"."JIMU_REPORT_DB_FIELD"."UPDATE_BY" IS '更新人登录名称';
COMMENT ON COLUMN "JEECGBOOT"."JIMU_REPORT_DB_FIELD"."UPDATE_TIME" IS '更新日期';
COMMENT ON COLUMN "JEECGBOOT"."JIMU_REPORT_DB_FIELD"."JIMU_REPORT_DB_ID" IS '数据源ID';
COMMENT ON COLUMN "JEECGBOOT"."JIMU_REPORT_DB_FIELD"."FIELD_NAME" IS '字段名';
COMMENT ON COLUMN "JEECGBOOT"."JIMU_REPORT_DB_FIELD"."FIELD_TEXT" IS '字段文本';
COMMENT ON COLUMN "JEECGBOOT"."JIMU_REPORT_DB_FIELD"."WIDGET_TYPE" IS '控件类型';
COMMENT ON COLUMN "JEECGBOOT"."JIMU_REPORT_DB_FIELD"."WIDGET_WIDTH" IS '控件宽度';
COMMENT ON COLUMN "JEECGBOOT"."JIMU_REPORT_DB_FIELD"."ORDER_NUM" IS '排序';
COMMENT ON COLUMN "JEECGBOOT"."JIMU_REPORT_DB_FIELD"."SEARCH_FLAG" IS '查询标识0否1是 默认0';
COMMENT ON COLUMN "JEECGBOOT"."JIMU_REPORT_DB_FIELD"."SEARCH_MODE" IS '查询模式1简单2范围';
COMMENT ON COLUMN "JEECGBOOT"."JIMU_REPORT_DB_FIELD"."DICT_CODE" IS '字典编码支持从表中取数据';

-- ----------------------------
-- Records of JIMU_REPORT_DB_FIELD
-- ----------------------------
INSERT INTO "JEECGBOOT"."JIMU_REPORT_DB_FIELD" VALUES ('1285164420762247169', NULL, TO_DATE('2020-07-20 18:47:30', 'SYYYY-MM-DD HH24:MI:SS'), NULL, NULL, '1285164420728692737', 'tdata', 'tdata', 'string', NULL, NULL, '0', NULL, NULL);
INSERT INTO "JEECGBOOT"."JIMU_REPORT_DB_FIELD" VALUES ('1285473875810967553', NULL, TO_DATE('2020-07-21 15:17:10', 'SYYYY-MM-DD HH24:MI:SS'), NULL, NULL, '1273495682564534273', 'id', 'id', 'string', NULL, NULL, '0', NULL, NULL);
INSERT INTO "JEECGBOOT"."JIMU_REPORT_DB_FIELD" VALUES ('1285473875823550466', NULL, TO_DATE('2020-07-21 15:17:10', 'SYYYY-MM-DD HH24:MI:SS'), NULL, NULL, '1273495682564534273', 'gname', 'gname', 'string', NULL, NULL, '0', NULL, NULL);
INSERT INTO "JEECGBOOT"."JIMU_REPORT_DB_FIELD" VALUES ('1285473875823550467', NULL, TO_DATE('2020-07-21 15:17:10', 'SYYYY-MM-DD HH24:MI:SS'), NULL, NULL, '1273495682564534273', 'gdata', 'gdata', 'string', NULL, NULL, '0', NULL, NULL);
INSERT INTO "JEECGBOOT"."JIMU_REPORT_DB_FIELD" VALUES ('1285473875823550468', NULL, TO_DATE('2020-07-21 15:17:10', 'SYYYY-MM-DD HH24:MI:SS'), NULL, NULL, '1273495682564534273', 'tdata', 'tdata', 'string', NULL, NULL, '0', NULL, NULL);
INSERT INTO "JEECGBOOT"."JIMU_REPORT_DB_FIELD" VALUES ('1285473875827744769', NULL, TO_DATE('2020-07-21 15:17:10', 'SYYYY-MM-DD HH24:MI:SS'), NULL, NULL, '1273495682564534273', 'didian', 'didian', 'string', NULL, NULL, '0', NULL, NULL);
INSERT INTO "JEECGBOOT"."JIMU_REPORT_DB_FIELD" VALUES ('1285473875827744770', NULL, TO_DATE('2020-07-21 15:17:10', 'SYYYY-MM-DD HH24:MI:SS'), NULL, NULL, '1273495682564534273', 'zhaiyao', 'zhaiyao', 'string', NULL, NULL, '0', NULL, NULL);
INSERT INTO "JEECGBOOT"."JIMU_REPORT_DB_FIELD" VALUES ('1285473875827744771', NULL, TO_DATE('2020-07-21 15:17:10', 'SYYYY-MM-DD HH24:MI:SS'), NULL, NULL, '1273495682564534273', 'num', 'num', 'string', NULL, NULL, '0', NULL, NULL);
INSERT INTO "JEECGBOOT"."JIMU_REPORT_DB_FIELD" VALUES ('1287958726313046018', NULL, TO_DATE('2020-07-28 11:51:04', 'SYYYY-MM-DD HH24:MI:SS'), NULL, NULL, '1287958726233354241', 'lingdao', 'lingdao', 'string', NULL, NULL, '0', NULL, NULL);
INSERT INTO "JEECGBOOT"."JIMU_REPORT_DB_FIELD" VALUES ('1287958726317240321', NULL, TO_DATE('2020-07-28 11:51:04', 'SYYYY-MM-DD HH24:MI:SS'), NULL, NULL, '1287958726233354241', 'pingjia', 'pingjia', 'string', NULL, NULL, '0', NULL, NULL);
INSERT INTO "JEECGBOOT"."JIMU_REPORT_DB_FIELD" VALUES ('1287958726321434626', NULL, TO_DATE('2020-07-28 11:51:04', 'SYYYY-MM-DD HH24:MI:SS'), NULL, NULL, '1287958726233354241', 'name', 'name', 'string', NULL, NULL, '0', NULL, NULL);
INSERT INTO "JEECGBOOT"."JIMU_REPORT_DB_FIELD" VALUES ('1287958726321434627', NULL, TO_DATE('2020-07-28 11:51:04', 'SYYYY-MM-DD HH24:MI:SS'), NULL, NULL, '1287958726233354241', 'shijian', 'shijian', 'string', NULL, NULL, '0', NULL, NULL);
INSERT INTO "JEECGBOOT"."JIMU_REPORT_DB_FIELD" VALUES ('1288038655394324482', NULL, TO_DATE('2020-07-28 17:08:41', 'SYYYY-MM-DD HH24:MI:SS'), NULL, NULL, '1288038655293661186', 'ctotal', '库存量', 'string', NULL, NULL, '0', NULL, NULL);
INSERT INTO "JEECGBOOT"."JIMU_REPORT_DB_FIELD" VALUES ('1288038655402713090', NULL, TO_DATE('2020-07-28 17:08:41', 'SYYYY-MM-DD HH24:MI:SS'), NULL, NULL, '1288038655293661186', 'cname', '产品名称', 'string', NULL, NULL, '0', NULL, NULL);
INSERT INTO "JEECGBOOT"."JIMU_REPORT_DB_FIELD" VALUES ('1288038655406907393', NULL, TO_DATE('2020-07-28 17:08:41', 'SYYYY-MM-DD HH24:MI:SS'), NULL, NULL, '1288038655293661186', 'cprice', '单价', 'string', NULL, NULL, '0', NULL, NULL);
INSERT INTO "JEECGBOOT"."JIMU_REPORT_DB_FIELD" VALUES ('1288038655411101697', NULL, TO_DATE('2020-07-28 17:08:41', 'SYYYY-MM-DD HH24:MI:SS'), NULL, NULL, '1288038655293661186', 'dtotal', '订购量', 'string', NULL, NULL, '0', NULL, NULL);
INSERT INTO "JEECGBOOT"."JIMU_REPORT_DB_FIELD" VALUES ('1288038655411101698', NULL, TO_DATE('2020-07-28 17:08:41', 'SYYYY-MM-DD HH24:MI:SS'), NULL, NULL, '1288038655293661186', 'tp', '库存总值', 'string', NULL, NULL, '0', NULL, NULL);
INSERT INTO "JEECGBOOT"."JIMU_REPORT_DB_FIELD" VALUES ('1288038655415296002', NULL, TO_DATE('2020-07-28 17:08:41', 'SYYYY-MM-DD HH24:MI:SS'), NULL, NULL, '1288038655293661186', 'ztotal', '二次订购量', 'string', NULL, NULL, '0', NULL, NULL);
INSERT INTO "JEECGBOOT"."JIMU_REPORT_DB_FIELD" VALUES ('1288038655415296003', NULL, TO_DATE('2020-07-28 17:08:41', 'SYYYY-MM-DD HH24:MI:SS'), NULL, NULL, '1288038655293661186', 'cnum', '产品数量', 'string', NULL, NULL, '0', NULL, NULL);
INSERT INTO "JEECGBOOT"."JIMU_REPORT_DB_FIELD" VALUES ('1288048290843074561', NULL, TO_DATE('2020-07-28 17:46:58', 'SYYYY-MM-DD HH24:MI:SS'), NULL, NULL, '1272858455908073473', 'id', 'id', 'string', NULL, NULL, '0', NULL, NULL);
INSERT INTO "JEECGBOOT"."JIMU_REPORT_DB_FIELD" VALUES ('1288048290847268865', NULL, TO_DATE('2020-07-28 17:46:58', 'SYYYY-MM-DD HH24:MI:SS'), NULL, NULL, '1272858455908073473', 'hnum', 'hnum', 'string', NULL, NULL, '0', NULL, NULL);
INSERT INTO "JEECGBOOT"."JIMU_REPORT_DB_FIELD" VALUES ('1288048290851463170', NULL, TO_DATE('2020-07-28 17:46:58', 'SYYYY-MM-DD HH24:MI:SS'), NULL, NULL, '1272858455908073473', 'hname', 'hname', 'string', NULL, NULL, '0', NULL, NULL);
INSERT INTO "JEECGBOOT"."JIMU_REPORT_DB_FIELD" VALUES ('1288048290851463171', NULL, TO_DATE('2020-07-28 17:46:58', 'SYYYY-MM-DD HH24:MI:SS'), NULL, NULL, '1272858455908073473', 'xinghao', 'xinghao', 'string', NULL, NULL, '0', NULL, NULL);
INSERT INTO "JEECGBOOT"."JIMU_REPORT_DB_FIELD" VALUES ('1288048290851463172', NULL, TO_DATE('2020-07-28 17:46:58', 'SYYYY-MM-DD HH24:MI:SS'), NULL, NULL, '1272858455908073473', 'fahuocangku', 'fahuocangku', 'string', NULL, NULL, '0', NULL, NULL);
INSERT INTO "JEECGBOOT"."JIMU_REPORT_DB_FIELD" VALUES ('1288048290851463173', NULL, TO_DATE('2020-07-28 17:46:58', 'SYYYY-MM-DD HH24:MI:SS'), NULL, NULL, '1272858455908073473', 'danwei', 'danwei', 'string', NULL, NULL, '0', NULL, NULL);
INSERT INTO "JEECGBOOT"."JIMU_REPORT_DB_FIELD" VALUES ('1288048290851463174', NULL, TO_DATE('2020-07-28 17:46:58', 'SYYYY-MM-DD HH24:MI:SS'), NULL, NULL, '1272858455908073473', 'num', 'num', 'string', NULL, NULL, '0', NULL, NULL);
INSERT INTO "JEECGBOOT"."JIMU_REPORT_DB_FIELD" VALUES ('1288048290851463175', NULL, TO_DATE('2020-07-28 17:46:58', 'SYYYY-MM-DD HH24:MI:SS'), NULL, NULL, '1272858455908073473', 'danjia', 'danjia', 'string', NULL, NULL, '0', NULL, NULL);
INSERT INTO "JEECGBOOT"."JIMU_REPORT_DB_FIELD" VALUES ('1288048290851463176', NULL, TO_DATE('2020-07-28 17:46:58', 'SYYYY-MM-DD HH24:MI:SS'), NULL, NULL, '1272858455908073473', 'zhekoulv', 'zhekoulv', 'string', NULL, NULL, '0', NULL, NULL);
INSERT INTO "JEECGBOOT"."JIMU_REPORT_DB_FIELD" VALUES ('1288048290855657473', NULL, TO_DATE('2020-07-28 17:46:58', 'SYYYY-MM-DD HH24:MI:SS'), NULL, NULL, '1272858455908073473', 'xiaoshoujine', 'xiaoshoujine', 'string', NULL, NULL, '0', NULL, NULL);
INSERT INTO "JEECGBOOT"."JIMU_REPORT_DB_FIELD" VALUES ('1288048290859851778', NULL, TO_DATE('2020-07-28 17:46:58', 'SYYYY-MM-DD HH24:MI:SS'), NULL, NULL, '1272858455908073473', 'beizhu', 'beizhu', 'string', NULL, NULL, '0', NULL, NULL);
INSERT INTO "JEECGBOOT"."JIMU_REPORT_DB_FIELD" VALUES ('1288048290859851779', NULL, TO_DATE('2020-07-28 17:46:58', 'SYYYY-MM-DD HH24:MI:SS'), NULL, NULL, '1272858455908073473', 's_id', 's_id', 'string', NULL, NULL, '0', NULL, NULL);
INSERT INTO "JEECGBOOT"."JIMU_REPORT_DB_FIELD" VALUES ('1290197413277040641', NULL, TO_DATE('2020-08-03 16:06:49', 'SYYYY-MM-DD HH24:MI:SS'), NULL, NULL, '1290197413256069121', 'ttotal', 'ttotal', 'string', NULL, NULL, '0', NULL, NULL);
INSERT INTO "JEECGBOOT"."JIMU_REPORT_DB_FIELD" VALUES ('1291217511988068353', NULL, TO_DATE('2020-08-03 15:18:47', 'SYYYY-MM-DD HH24:MI:SS'), NULL, NULL, '1291217511962902530', 'ctotal', 'ctotal', 'string', NULL, NULL, '0', NULL, NULL);
INSERT INTO "JEECGBOOT"."JIMU_REPORT_DB_FIELD" VALUES ('1291217512017428481', NULL, TO_DATE('2020-08-03 15:18:47', 'SYYYY-MM-DD HH24:MI:SS'), NULL, NULL, '1291217511962902530', 'bianma', 'bianma', 'string', NULL, NULL, '0', NULL, NULL);
INSERT INTO "JEECGBOOT"."JIMU_REPORT_DB_FIELD" VALUES ('1291217512034205697', NULL, TO_DATE('2020-08-03 15:18:47', 'SYYYY-MM-DD HH24:MI:SS'), NULL, NULL, '1291217511962902530', 'cname', 'cname', 'string', NULL, NULL, '0', NULL, NULL);
INSERT INTO "JEECGBOOT"."JIMU_REPORT_DB_FIELD" VALUES ('1291217512042594306', NULL, TO_DATE('2020-08-03 15:18:47', 'SYYYY-MM-DD HH24:MI:SS'), NULL, NULL, '1291217511962902530', 'ctime', 'ctime', 'string', NULL, NULL, '0', NULL, NULL);
INSERT INTO "JEECGBOOT"."JIMU_REPORT_DB_FIELD" VALUES ('1291217512046788609', NULL, TO_DATE('2020-08-03 15:18:47', 'SYYYY-MM-DD HH24:MI:SS'), NULL, NULL, '1291217511962902530', 'cprice', 'cprice', 'string', NULL, NULL, '0', NULL, NULL);
INSERT INTO "JEECGBOOT"."JIMU_REPORT_DB_FIELD" VALUES ('1291217512080343041', NULL, TO_DATE('2020-08-03 15:18:47', 'SYYYY-MM-DD HH24:MI:SS'), NULL, NULL, '1291217511962902530', 'yprice', 'yprice', 'string', NULL, NULL, '0', NULL, NULL);
INSERT INTO "JEECGBOOT"."JIMU_REPORT_DB_FIELD" VALUES ('1291217512097120258', NULL, TO_DATE('2020-08-03 15:18:47', 'SYYYY-MM-DD HH24:MI:SS'), NULL, NULL, '1291217511962902530', 'id', 'id', 'string', NULL, NULL, '0', NULL, NULL);
INSERT INTO "JEECGBOOT"."JIMU_REPORT_DB_FIELD" VALUES ('1291217512118091777', NULL, TO_DATE('2020-08-03 15:18:47', 'SYYYY-MM-DD HH24:MI:SS'), NULL, NULL, '1291217511962902530', 'cnum', 'cnum', 'string', NULL, NULL, '0', NULL, NULL);
INSERT INTO "JEECGBOOT"."JIMU_REPORT_DB_FIELD" VALUES ('1291217512227143681', NULL, TO_DATE('2020-08-03 16:06:49', 'SYYYY-MM-DD HH24:MI:SS'), NULL, NULL, '1291217512210366466', 'ttotal', 'ttotal', 'string', NULL, NULL, '0', NULL, NULL);
INSERT INTO "JEECGBOOT"."JIMU_REPORT_DB_FIELD" VALUES ('1291217550160429057', NULL, TO_DATE('2020-07-28 11:51:04', 'SYYYY-MM-DD HH24:MI:SS'), NULL, NULL, '1291217550135263234', 'lingdao', 'lingdao', 'string', NULL, NULL, '0', NULL, NULL);
INSERT INTO "JEECGBOOT"."JIMU_REPORT_DB_FIELD" VALUES ('1291217550177206273', NULL, TO_DATE('2020-07-28 11:51:04', 'SYYYY-MM-DD HH24:MI:SS'), NULL, NULL, '1291217550135263234', 'pingjia', 'pingjia', 'string', NULL, NULL, '0', NULL, NULL);
INSERT INTO "JEECGBOOT"."JIMU_REPORT_DB_FIELD" VALUES ('1291217550189789186', NULL, TO_DATE('2020-07-28 11:51:04', 'SYYYY-MM-DD HH24:MI:SS'), NULL, NULL, '1291217550135263234', 'name', 'name', 'string', NULL, NULL, '0', NULL, NULL);
INSERT INTO "JEECGBOOT"."JIMU_REPORT_DB_FIELD" VALUES ('1291217550206566401', NULL, TO_DATE('2020-07-28 11:51:04', 'SYYYY-MM-DD HH24:MI:SS'), NULL, NULL, '1291217550135263234', 'shijian', 'shijian', 'string', NULL, NULL, '0', NULL, NULL);
INSERT INTO "JEECGBOOT"."JIMU_REPORT_DB_FIELD" VALUES ('1291218450870435841', NULL, TO_DATE('2020-07-20 18:28:22', 'SYYYY-MM-DD HH24:MI:SS'), NULL, NULL, '1291218450836881409', 'fsex', 'fsex', 'string', NULL, NULL, '0', NULL, NULL);
INSERT INTO "JEECGBOOT"."JIMU_REPORT_DB_FIELD" VALUES ('1291218450895601666', NULL, TO_DATE('2020-07-20 18:28:22', 'SYYYY-MM-DD HH24:MI:SS'), NULL, NULL, '1291218450836881409', 'fname', 'fname', 'string', NULL, NULL, '0', NULL, NULL);
INSERT INTO "JEECGBOOT"."JIMU_REPORT_DB_FIELD" VALUES ('1291218450903990273', NULL, TO_DATE('2020-07-20 18:28:22', 'SYYYY-MM-DD HH24:MI:SS'), NULL, NULL, '1291218450836881409', 'shiqing', 'shiqing', 'string', NULL, NULL, '0', NULL, NULL);
INSERT INTO "JEECGBOOT"."JIMU_REPORT_DB_FIELD" VALUES ('1291218450912378882', NULL, TO_DATE('2020-07-20 18:28:22', 'SYYYY-MM-DD HH24:MI:SS'), NULL, NULL, '1291218450836881409', 'pname', 'pname', 'string', NULL, NULL, '0', NULL, NULL);
INSERT INTO "JEECGBOOT"."JIMU_REPORT_DB_FIELD" VALUES ('1291218450929156097', NULL, TO_DATE('2020-07-20 18:28:22', 'SYYYY-MM-DD HH24:MI:SS'), NULL, NULL, '1291218450836881409', 'zhuzhi', 'zhuzhi', 'string', NULL, NULL, '0', NULL, NULL);
INSERT INTO "JEECGBOOT"."JIMU_REPORT_DB_FIELD" VALUES ('1291218450945933314', NULL, TO_DATE('2020-07-20 18:28:22', 'SYYYY-MM-DD HH24:MI:SS'), NULL, NULL, '1291218450836881409', 'gdata', 'gdata', 'string', NULL, NULL, '0', NULL, NULL);
INSERT INTO "JEECGBOOT"."JIMU_REPORT_DB_FIELD" VALUES ('1291218450954321922', NULL, TO_DATE('2020-07-20 18:28:22', 'SYYYY-MM-DD HH24:MI:SS'), NULL, NULL, '1291218450836881409', 'cdata', 'cdata', 'string', NULL, NULL, '0', NULL, NULL);
INSERT INTO "JEECGBOOT"."JIMU_REPORT_DB_FIELD" VALUES ('1291218483770556418', NULL, TO_DATE('2020-07-17 16:16:52', 'SYYYY-MM-DD HH24:MI:SS'), NULL, NULL, '1291218483749584898', 'ktime', 'ktime', NULL, NULL, NULL, '0', NULL, NULL);
INSERT INTO "JEECGBOOT"."JIMU_REPORT_DB_FIELD" VALUES ('1291218483778945025', NULL, TO_DATE('2020-07-17 16:16:52', 'SYYYY-MM-DD HH24:MI:SS'), NULL, NULL, '1291218483749584898', 'danwei', 'danwei', NULL, NULL, NULL, '0', NULL, NULL);
INSERT INTO "JEECGBOOT"."JIMU_REPORT_DB_FIELD" VALUES ('1291218483791527938', NULL, TO_DATE('2020-07-17 16:16:52', 'SYYYY-MM-DD HH24:MI:SS'), NULL, NULL, '1291218483749584898', 'wtime', 'wtime', NULL, NULL, NULL, '0', NULL, NULL);
INSERT INTO "JEECGBOOT"."JIMU_REPORT_DB_FIELD" VALUES ('1291218483804110849', NULL, TO_DATE('2020-07-17 16:16:52', 'SYYYY-MM-DD HH24:MI:SS'), NULL, NULL, '1291218483749584898', 'yusuan', 'yusuan', NULL, NULL, NULL, '0', NULL, NULL);
INSERT INTO "JEECGBOOT"."JIMU_REPORT_DB_FIELD" VALUES ('1291218483820888066', NULL, TO_DATE('2020-07-17 16:16:52', 'SYYYY-MM-DD HH24:MI:SS'), NULL, NULL, '1291218483749584898', 'dshenhe', 'dshenhe', NULL, NULL, NULL, '0', NULL, NULL);
INSERT INTO "JEECGBOOT"."JIMU_REPORT_DB_FIELD" VALUES ('1291218483829276674', NULL, TO_DATE('2020-07-17 16:16:52', 'SYYYY-MM-DD HH24:MI:SS'), NULL, NULL, '1291218483749584898', 'zhuren', 'zhuren', NULL, NULL, NULL, '0', NULL, NULL);
INSERT INTO "JEECGBOOT"."JIMU_REPORT_DB_FIELD" VALUES ('1291218483841859586', NULL, TO_DATE('2020-07-17 16:16:52', 'SYYYY-MM-DD HH24:MI:SS'), NULL, NULL, '1291218483749584898', 'neirong', 'neirong', NULL, NULL, NULL, '0', NULL, NULL);
INSERT INTO "JEECGBOOT"."JIMU_REPORT_DB_FIELD" VALUES ('1291218483850248193', NULL, TO_DATE('2020-07-17 16:16:52', 'SYYYY-MM-DD HH24:MI:SS'), NULL, NULL, '1291218483749584898', 'yijian', 'yijian', NULL, NULL, NULL, '0', NULL, NULL);
INSERT INTO "JEECGBOOT"."JIMU_REPORT_DB_FIELD" VALUES ('1291218483858636801', NULL, TO_DATE('2020-07-17 16:16:52', 'SYYYY-MM-DD HH24:MI:SS'), NULL, NULL, '1291218483749584898', 'time1', 'time1', NULL, NULL, NULL, '0', NULL, NULL);
INSERT INTO "JEECGBOOT"."JIMU_REPORT_DB_FIELD" VALUES ('1291218483879608321', NULL, TO_DATE('2020-07-17 16:16:52', 'SYYYY-MM-DD HH24:MI:SS'), NULL, NULL, '1291218483749584898', 'time2', 'time2', NULL, NULL, NULL, '0', NULL, NULL);
INSERT INTO "JEECGBOOT"."JIMU_REPORT_DB_FIELD" VALUES ('1291218483900579842', NULL, TO_DATE('2020-07-17 16:16:52', 'SYYYY-MM-DD HH24:MI:SS'), NULL, NULL, '1291218483749584898', 'time3', 'time3', NULL, NULL, NULL, '0', NULL, NULL);
INSERT INTO "JEECGBOOT"."JIMU_REPORT_DB_FIELD" VALUES ('1291218483913162753', NULL, TO_DATE('2020-07-17 16:16:52', 'SYYYY-MM-DD HH24:MI:SS'), NULL, NULL, '1291218483749584898', 'time4', 'time4', NULL, NULL, NULL, '0', NULL, NULL);
INSERT INTO "JEECGBOOT"."JIMU_REPORT_DB_FIELD" VALUES ('1291218483921551361', NULL, TO_DATE('2020-07-17 16:16:52', 'SYYYY-MM-DD HH24:MI:SS'), NULL, NULL, '1291218483749584898', 'pingjia', 'pingjia', NULL, NULL, NULL, '0', NULL, NULL);
INSERT INTO "JEECGBOOT"."JIMU_REPORT_DB_FIELD" VALUES ('1291218483929939969', NULL, TO_DATE('2020-07-17 16:16:52', 'SYYYY-MM-DD HH24:MI:SS'), NULL, NULL, '1291218483749584898', 'name', 'name', NULL, NULL, NULL, '0', NULL, NULL);
INSERT INTO "JEECGBOOT"."JIMU_REPORT_DB_FIELD" VALUES ('1291218483946717185', NULL, TO_DATE('2020-07-17 16:16:52', 'SYYYY-MM-DD HH24:MI:SS'), NULL, NULL, '1291218483749584898', 'bianhao', 'bianhao', NULL, NULL, NULL, '0', NULL, NULL);
INSERT INTO "JEECGBOOT"."JIMU_REPORT_DB_FIELD" VALUES ('1291218483967688705', NULL, TO_DATE('2020-07-17 16:16:52', 'SYYYY-MM-DD HH24:MI:SS'), NULL, NULL, '1291218483749584898', 'zongjie', 'zongjie', NULL, NULL, NULL, '0', NULL, NULL);
INSERT INTO "JEECGBOOT"."JIMU_REPORT_DB_FIELD" VALUES ('1291218483976077313', NULL, TO_DATE('2020-07-17 16:16:52', 'SYYYY-MM-DD HH24:MI:SS'), NULL, NULL, '1291218483749584898', 'nengli', 'nengli', NULL, NULL, NULL, '0', NULL, NULL);
INSERT INTO "JEECGBOOT"."JIMU_REPORT_DB_FIELD" VALUES ('1291218483988660226', NULL, TO_DATE('2020-07-17 16:16:52', 'SYYYY-MM-DD HH24:MI:SS'), NULL, NULL, '1291218483749584898', 'time', 'time', NULL, NULL, NULL, '0', NULL, NULL);
INSERT INTO "JEECGBOOT"."JIMU_REPORT_DB_FIELD" VALUES ('1291218559981060097', NULL, TO_DATE('2020-07-28 11:51:04', 'SYYYY-MM-DD HH24:MI:SS'), NULL, NULL, '1291218559968477186', 'lingdao', 'lingdao', 'string', NULL, NULL, '0', NULL, NULL);
INSERT INTO "JEECGBOOT"."JIMU_REPORT_DB_FIELD" VALUES ('1291218559993643009', NULL, TO_DATE('2020-07-28 11:51:04', 'SYYYY-MM-DD HH24:MI:SS'), NULL, NULL, '1291218559968477186', 'pingjia', 'pingjia', 'string', NULL, NULL, '0', NULL, NULL);
INSERT INTO "JEECGBOOT"."JIMU_REPORT_DB_FIELD" VALUES ('1291218560010420225', NULL, TO_DATE('2020-07-28 11:51:04', 'SYYYY-MM-DD HH24:MI:SS'), NULL, NULL, '1291218559968477186', 'name', 'name', 'string', NULL, NULL, '0', NULL, NULL);
INSERT INTO "JEECGBOOT"."JIMU_REPORT_DB_FIELD" VALUES ('1291218560023003137', NULL, TO_DATE('2020-07-28 11:51:04', 'SYYYY-MM-DD HH24:MI:SS'), NULL, NULL, '1291218559968477186', 'shijian', 'shijian', 'string', NULL, NULL, '0', NULL, NULL);
INSERT INTO "JEECGBOOT"."JIMU_REPORT_DB_FIELD" VALUES ('1291310198955200514', NULL, TO_DATE('2020-06-03 18:45:35', 'SYYYY-MM-DD HH24:MI:SS'), NULL, NULL, '1291310198925840385', 'id', 'id', 'string', NULL, NULL, '0', NULL, NULL);
INSERT INTO "JEECGBOOT"."JIMU_REPORT_DB_FIELD" VALUES ('1291310198980366338', NULL, TO_DATE('2020-06-03 18:45:35', 'SYYYY-MM-DD HH24:MI:SS'), NULL, NULL, '1291310198925840385', 'num', 'num', 'string', NULL, NULL, '0', NULL, NULL);
INSERT INTO "JEECGBOOT"."JIMU_REPORT_DB_FIELD" VALUES ('1291310198992949250', NULL, TO_DATE('2020-06-03 18:45:35', 'SYYYY-MM-DD HH24:MI:SS'), NULL, NULL, '1291310198925840385', 'name', 'name', 'string', NULL, NULL, '0', NULL, NULL);
INSERT INTO "JEECGBOOT"."JIMU_REPORT_DB_FIELD" VALUES ('1291310199001337857', NULL, TO_DATE('2020-06-03 18:45:35', 'SYYYY-MM-DD HH24:MI:SS'), NULL, NULL, '1291310198925840385', 'sex', 'sex', 'string', NULL, NULL, '0', NULL, NULL);
INSERT INTO "JEECGBOOT"."JIMU_REPORT_DB_FIELD" VALUES ('1291310199022309378', NULL, TO_DATE('2020-06-03 18:45:35', 'SYYYY-MM-DD HH24:MI:SS'), NULL, NULL, '1291310198925840385', 'birthday', 'birthday', 'string', NULL, NULL, '0', NULL, NULL);
INSERT INTO "JEECGBOOT"."JIMU_REPORT_DB_FIELD" VALUES ('1291310199047475202', NULL, TO_DATE('2020-06-03 18:45:35', 'SYYYY-MM-DD HH24:MI:SS'), NULL, NULL, '1291310198925840385', 'nation', 'nation', 'string', NULL, NULL, '0', NULL, NULL);
INSERT INTO "JEECGBOOT"."JIMU_REPORT_DB_FIELD" VALUES ('1291310199072641026', NULL, TO_DATE('2020-06-03 18:45:35', 'SYYYY-MM-DD HH24:MI:SS'), NULL, NULL, '1291310198925840385', 'political', 'political', 'string', NULL, NULL, '0', NULL, NULL);
INSERT INTO "JEECGBOOT"."JIMU_REPORT_DB_FIELD" VALUES ('1291310199085223938', NULL, TO_DATE('2020-06-03 18:45:35', 'SYYYY-MM-DD HH24:MI:SS'), NULL, NULL, '1291310198925840385', 'native_place', 'native_place', 'string', NULL, NULL, '0', NULL, NULL);
INSERT INTO "JEECGBOOT"."JIMU_REPORT_DB_FIELD" VALUES ('1291310199114584065', NULL, TO_DATE('2020-06-03 18:45:35', 'SYYYY-MM-DD HH24:MI:SS'), NULL, NULL, '1291310198925840385', 'height', 'height', 'string', NULL, NULL, '0', NULL, NULL);
INSERT INTO "JEECGBOOT"."JIMU_REPORT_DB_FIELD" VALUES ('1291310199135555586', NULL, TO_DATE('2020-06-03 18:45:35', 'SYYYY-MM-DD HH24:MI:SS'), NULL, NULL, '1291310198925840385', 'weight', 'weight', 'string', NULL, NULL, '0', NULL, NULL);
INSERT INTO "JEECGBOOT"."JIMU_REPORT_DB_FIELD" VALUES ('1291310199143944193', NULL, TO_DATE('2020-06-03 18:45:35', 'SYYYY-MM-DD HH24:MI:SS'), NULL, NULL, '1291310198925840385', 'health', 'health', 'string', NULL, NULL, '0', NULL, NULL);
INSERT INTO "JEECGBOOT"."JIMU_REPORT_DB_FIELD" VALUES ('1291310199152332801', NULL, TO_DATE('2020-06-03 18:45:35', 'SYYYY-MM-DD HH24:MI:SS'), NULL, NULL, '1291310198925840385', 'id_card', 'id_card', 'string', NULL, NULL, '0', NULL, NULL);
INSERT INTO "JEECGBOOT"."JIMU_REPORT_DB_FIELD" VALUES ('1291310199169110018', NULL, TO_DATE('2020-06-03 18:45:35', 'SYYYY-MM-DD HH24:MI:SS'), NULL, NULL, '1291310198925840385', 'education', 'education', 'string', NULL, NULL, '0', NULL, NULL);
INSERT INTO "JEECGBOOT"."JIMU_REPORT_DB_FIELD" VALUES ('1291310199185887233', NULL, TO_DATE('2020-06-03 18:45:35', 'SYYYY-MM-DD HH24:MI:SS'), NULL, NULL, '1291310198925840385', 'school', 'school', 'string', NULL, NULL, '0', NULL, NULL);
INSERT INTO "JEECGBOOT"."JIMU_REPORT_DB_FIELD" VALUES ('1291310199194275842', NULL, TO_DATE('2020-06-03 18:45:35', 'SYYYY-MM-DD HH24:MI:SS'), NULL, NULL, '1291310198925840385', 'major', 'major', 'string', NULL, NULL, '0', NULL, NULL);
INSERT INTO "JEECGBOOT"."JIMU_REPORT_DB_FIELD" VALUES ('1291310199206858753', NULL, TO_DATE('2020-06-03 18:45:35', 'SYYYY-MM-DD HH24:MI:SS'), NULL, NULL, '1291310198925840385', 'address', 'address', 'string', NULL, NULL, '0', NULL, NULL);
INSERT INTO "JEECGBOOT"."JIMU_REPORT_DB_FIELD" VALUES ('1291310199215247361', NULL, TO_DATE('2020-06-03 18:45:35', 'SYYYY-MM-DD HH24:MI:SS'), NULL, NULL, '1291310198925840385', 'zip_code', 'zip_code', 'string', NULL, NULL, '0', NULL, NULL);
INSERT INTO "JEECGBOOT"."JIMU_REPORT_DB_FIELD" VALUES ('1291310199232024578', NULL, TO_DATE('2020-06-03 18:45:35', 'SYYYY-MM-DD HH24:MI:SS'), NULL, NULL, '1291310198925840385', 'email', 'email', 'string', NULL, NULL, '0', NULL, NULL);
INSERT INTO "JEECGBOOT"."JIMU_REPORT_DB_FIELD" VALUES ('1291310199257190402', NULL, TO_DATE('2020-06-03 18:45:35', 'SYYYY-MM-DD HH24:MI:SS'), NULL, NULL, '1291310198925840385', 'phone', 'phone', 'string', NULL, NULL, '0', NULL, NULL);
INSERT INTO "JEECGBOOT"."JIMU_REPORT_DB_FIELD" VALUES ('1291310199265579009', NULL, TO_DATE('2020-06-03 18:45:35', 'SYYYY-MM-DD HH24:MI:SS'), NULL, NULL, '1291310198925840385', 'foreign_language', 'foreign_language', 'string', NULL, NULL, '0', NULL, NULL);
INSERT INTO "JEECGBOOT"."JIMU_REPORT_DB_FIELD" VALUES ('1291310199282356226', NULL, TO_DATE('2020-06-03 18:45:35', 'SYYYY-MM-DD HH24:MI:SS'), NULL, NULL, '1291310198925840385', 'foreign_language_level', 'foreign_language_level', 'string', NULL, NULL, '0', NULL, NULL);
INSERT INTO "JEECGBOOT"."JIMU_REPORT_DB_FIELD" VALUES ('1291310199299133442', NULL, TO_DATE('2020-06-03 18:45:35', 'SYYYY-MM-DD HH24:MI:SS'), NULL, NULL, '1291310198925840385', 'computer_level', 'computer_level', 'string', NULL, NULL, '0', NULL, NULL);
INSERT INTO "JEECGBOOT"."JIMU_REPORT_DB_FIELD" VALUES ('1291310199311716354', NULL, TO_DATE('2020-06-03 18:45:35', 'SYYYY-MM-DD HH24:MI:SS'), NULL, NULL, '1291310198925840385', 'graduation_time', 'graduation_time', 'string', NULL, NULL, '0', NULL, NULL);
INSERT INTO "JEECGBOOT"."JIMU_REPORT_DB_FIELD" VALUES ('1291310199324299265', NULL, TO_DATE('2020-06-03 18:45:35', 'SYYYY-MM-DD HH24:MI:SS'), NULL, NULL, '1291310198925840385', 'arrival_time', 'arrival_time', 'string', NULL, NULL, '0', NULL, NULL);
INSERT INTO "JEECGBOOT"."JIMU_REPORT_DB_FIELD" VALUES ('1291310199328493570', NULL, TO_DATE('2020-06-03 18:45:35', 'SYYYY-MM-DD HH24:MI:SS'), NULL, NULL, '1291310198925840385', 'positional_titles', 'positional_titles', 'string', NULL, NULL, '0', NULL, NULL);
INSERT INTO "JEECGBOOT"."JIMU_REPORT_DB_FIELD" VALUES ('1291310199341076482', NULL, TO_DATE('2020-06-03 18:45:35', 'SYYYY-MM-DD HH24:MI:SS'), NULL, NULL, '1291310198925840385', 'education_experience', 'education_experience', 'string', NULL, NULL, '0', NULL, NULL);
INSERT INTO "JEECGBOOT"."JIMU_REPORT_DB_FIELD" VALUES ('1291310199353659393', NULL, TO_DATE('2020-06-03 18:45:35', 'SYYYY-MM-DD HH24:MI:SS'), NULL, NULL, '1291310198925840385', 'work_experience', 'work_experience', 'string', NULL, NULL, '0', NULL, NULL);
INSERT INTO "JEECGBOOT"."JIMU_REPORT_DB_FIELD" VALUES ('1291310199357853697', NULL, TO_DATE('2020-06-03 18:45:35', 'SYYYY-MM-DD HH24:MI:SS'), NULL, NULL, '1291310198925840385', 'create_by', 'create_by', 'string', NULL, NULL, '0', NULL, NULL);
INSERT INTO "JEECGBOOT"."JIMU_REPORT_DB_FIELD" VALUES ('1291310199370436610', NULL, TO_DATE('2020-06-03 18:45:35', 'SYYYY-MM-DD HH24:MI:SS'), NULL, NULL, '1291310198925840385', 'create_time', 'create_time', 'string', NULL, NULL, '0', NULL, NULL);
INSERT INTO "JEECGBOOT"."JIMU_REPORT_DB_FIELD" VALUES ('1291310199387213825', NULL, TO_DATE('2020-06-03 18:45:35', 'SYYYY-MM-DD HH24:MI:SS'), NULL, NULL, '1291310198925840385', 'update_by', 'update_by', 'string', NULL, NULL, '0', NULL, NULL);
INSERT INTO "JEECGBOOT"."JIMU_REPORT_DB_FIELD" VALUES ('1291310199399796737', NULL, TO_DATE('2020-06-03 18:45:35', 'SYYYY-MM-DD HH24:MI:SS'), NULL, NULL, '1291310198925840385', 'update_time', 'update_time', 'string', NULL, NULL, '0', NULL, NULL);
INSERT INTO "JEECGBOOT"."JIMU_REPORT_DB_FIELD" VALUES ('1268131709748842497', NULL, TO_DATE('2020-06-03 18:45:35', 'SYYYY-MM-DD HH24:MI:SS'), NULL, NULL, '1224643501392728065', 'id', 'id', 'string', NULL, NULL, '0', NULL, NULL);
INSERT INTO "JEECGBOOT"."JIMU_REPORT_DB_FIELD" VALUES ('1268131709757231106', NULL, TO_DATE('2020-06-03 18:45:35', 'SYYYY-MM-DD HH24:MI:SS'), NULL, NULL, '1224643501392728065', 'num', 'num', 'string', NULL, NULL, '0', NULL, NULL);
INSERT INTO "JEECGBOOT"."JIMU_REPORT_DB_FIELD" VALUES ('1268131709757231107', NULL, TO_DATE('2020-06-03 18:45:35', 'SYYYY-MM-DD HH24:MI:SS'), NULL, NULL, '1224643501392728065', 'name', 'name', 'string', NULL, NULL, '0', NULL, NULL);
INSERT INTO "JEECGBOOT"."JIMU_REPORT_DB_FIELD" VALUES ('1268131709761425410', NULL, TO_DATE('2020-06-03 18:45:35', 'SYYYY-MM-DD HH24:MI:SS'), NULL, NULL, '1224643501392728065', 'sex', 'sex', 'string', NULL, NULL, '0', NULL, NULL);
INSERT INTO "JEECGBOOT"."JIMU_REPORT_DB_FIELD" VALUES ('1268131709761425411', NULL, TO_DATE('2020-06-03 18:45:35', 'SYYYY-MM-DD HH24:MI:SS'), NULL, NULL, '1224643501392728065', 'birthday', 'birthday', 'string', NULL, NULL, '0', NULL, NULL);
INSERT INTO "JEECGBOOT"."JIMU_REPORT_DB_FIELD" VALUES ('1268131709761425412', NULL, TO_DATE('2020-06-03 18:45:35', 'SYYYY-MM-DD HH24:MI:SS'), NULL, NULL, '1224643501392728065', 'nation', 'nation', 'string', NULL, NULL, '0', NULL, NULL);
INSERT INTO "JEECGBOOT"."JIMU_REPORT_DB_FIELD" VALUES ('1268131709765619713', NULL, TO_DATE('2020-06-03 18:45:35', 'SYYYY-MM-DD HH24:MI:SS'), NULL, NULL, '1224643501392728065', 'political', 'political', 'string', NULL, NULL, '0', NULL, NULL);
INSERT INTO "JEECGBOOT"."JIMU_REPORT_DB_FIELD" VALUES ('1268131709765619714', NULL, TO_DATE('2020-06-03 18:45:35', 'SYYYY-MM-DD HH24:MI:SS'), NULL, NULL, '1224643501392728065', 'native_place', 'native_place', 'string', NULL, NULL, '0', NULL, NULL);
INSERT INTO "JEECGBOOT"."JIMU_REPORT_DB_FIELD" VALUES ('1268131709765619715', NULL, TO_DATE('2020-06-03 18:45:35', 'SYYYY-MM-DD HH24:MI:SS'), NULL, NULL, '1224643501392728065', 'height', 'height', 'string', NULL, NULL, '0', NULL, NULL);
INSERT INTO "JEECGBOOT"."JIMU_REPORT_DB_FIELD" VALUES ('1268131709765619716', NULL, TO_DATE('2020-06-03 18:45:35', 'SYYYY-MM-DD HH24:MI:SS'), NULL, NULL, '1224643501392728065', 'weight', 'weight', 'string', NULL, NULL, '0', NULL, NULL);
INSERT INTO "JEECGBOOT"."JIMU_REPORT_DB_FIELD" VALUES ('1268131709765619717', NULL, TO_DATE('2020-06-03 18:45:35', 'SYYYY-MM-DD HH24:MI:SS'), NULL, NULL, '1224643501392728065', 'health', 'health', 'string', NULL, NULL, '0', NULL, NULL);
INSERT INTO "JEECGBOOT"."JIMU_REPORT_DB_FIELD" VALUES ('1268131709769814018', NULL, TO_DATE('2020-06-03 18:45:35', 'SYYYY-MM-DD HH24:MI:SS'), NULL, NULL, '1224643501392728065', 'id_card', 'id_card', 'string', NULL, NULL, '0', NULL, NULL);
INSERT INTO "JEECGBOOT"."JIMU_REPORT_DB_FIELD" VALUES ('1268131709769814019', NULL, TO_DATE('2020-06-03 18:45:35', 'SYYYY-MM-DD HH24:MI:SS'), NULL, NULL, '1224643501392728065', 'education', 'education', 'string', NULL, NULL, '0', NULL, NULL);
INSERT INTO "JEECGBOOT"."JIMU_REPORT_DB_FIELD" VALUES ('1268131709769814020', NULL, TO_DATE('2020-06-03 18:45:35', 'SYYYY-MM-DD HH24:MI:SS'), NULL, NULL, '1224643501392728065', 'school', 'school', 'string', NULL, NULL, '0', NULL, NULL);
INSERT INTO "JEECGBOOT"."JIMU_REPORT_DB_FIELD" VALUES ('1268131709774008322', NULL, TO_DATE('2020-06-03 18:45:35', 'SYYYY-MM-DD HH24:MI:SS'), NULL, NULL, '1224643501392728065', 'major', 'major', 'string', NULL, NULL, '0', NULL, NULL);
INSERT INTO "JEECGBOOT"."JIMU_REPORT_DB_FIELD" VALUES ('1268131709774008323', NULL, TO_DATE('2020-06-03 18:45:35', 'SYYYY-MM-DD HH24:MI:SS'), NULL, NULL, '1224643501392728065', 'address', 'address', 'string', NULL, NULL, '0', NULL, NULL);
INSERT INTO "JEECGBOOT"."JIMU_REPORT_DB_FIELD" VALUES ('1268131709774008324', NULL, TO_DATE('2020-06-03 18:45:35', 'SYYYY-MM-DD HH24:MI:SS'), NULL, NULL, '1224643501392728065', 'zip_code', 'zip_code', 'string', NULL, NULL, '0', NULL, NULL);
INSERT INTO "JEECGBOOT"."JIMU_REPORT_DB_FIELD" VALUES ('1268131709774008325', NULL, TO_DATE('2020-06-03 18:45:35', 'SYYYY-MM-DD HH24:MI:SS'), NULL, NULL, '1224643501392728065', 'email', 'email', 'string', NULL, NULL, '0', NULL, NULL);
INSERT INTO "JEECGBOOT"."JIMU_REPORT_DB_FIELD" VALUES ('1268131709774008326', NULL, TO_DATE('2020-06-03 18:45:35', 'SYYYY-MM-DD HH24:MI:SS'), NULL, NULL, '1224643501392728065', 'phone', 'phone', 'string', NULL, NULL, '0', NULL, NULL);
INSERT INTO "JEECGBOOT"."JIMU_REPORT_DB_FIELD" VALUES ('1268131709774008327', NULL, TO_DATE('2020-06-03 18:45:35', 'SYYYY-MM-DD HH24:MI:SS'), NULL, NULL, '1224643501392728065', 'foreign_language', 'foreign_language', 'string', NULL, NULL, '0', NULL, NULL);
INSERT INTO "JEECGBOOT"."JIMU_REPORT_DB_FIELD" VALUES ('1268131709778202625', NULL, TO_DATE('2020-06-03 18:45:35', 'SYYYY-MM-DD HH24:MI:SS'), NULL, NULL, '1224643501392728065', 'foreign_language_level', 'foreign_language_level', 'string', NULL, NULL, '0', NULL, NULL);
INSERT INTO "JEECGBOOT"."JIMU_REPORT_DB_FIELD" VALUES ('1268131709778202626', NULL, TO_DATE('2020-06-03 18:45:35', 'SYYYY-MM-DD HH24:MI:SS'), NULL, NULL, '1224643501392728065', 'computer_level', 'computer_level', 'string', NULL, NULL, '0', NULL, NULL);
INSERT INTO "JEECGBOOT"."JIMU_REPORT_DB_FIELD" VALUES ('1268131709778202627', NULL, TO_DATE('2020-06-03 18:45:35', 'SYYYY-MM-DD HH24:MI:SS'), NULL, NULL, '1224643501392728065', 'graduation_time', 'graduation_time', 'string', NULL, NULL, '0', NULL, NULL);
INSERT INTO "JEECGBOOT"."JIMU_REPORT_DB_FIELD" VALUES ('1268131709782396930', NULL, TO_DATE('2020-06-03 18:45:35', 'SYYYY-MM-DD HH24:MI:SS'), NULL, NULL, '1224643501392728065', 'arrival_time', 'arrival_time', 'string', NULL, NULL, '0', NULL, NULL);
INSERT INTO "JEECGBOOT"."JIMU_REPORT_DB_FIELD" VALUES ('1268131709782396931', NULL, TO_DATE('2020-06-03 18:45:35', 'SYYYY-MM-DD HH24:MI:SS'), NULL, NULL, '1224643501392728065', 'positional_titles', 'positional_titles', 'string', NULL, NULL, '0', NULL, NULL);
INSERT INTO "JEECGBOOT"."JIMU_REPORT_DB_FIELD" VALUES ('1268131709782396932', NULL, TO_DATE('2020-06-03 18:45:35', 'SYYYY-MM-DD HH24:MI:SS'), NULL, NULL, '1224643501392728065', 'education_experience', 'education_experience', 'string', NULL, NULL, '0', NULL, NULL);
INSERT INTO "JEECGBOOT"."JIMU_REPORT_DB_FIELD" VALUES ('1268131709782396933', NULL, TO_DATE('2020-06-03 18:45:35', 'SYYYY-MM-DD HH24:MI:SS'), NULL, NULL, '1224643501392728065', 'work_experience', 'work_experience', 'string', NULL, NULL, '0', NULL, NULL);
INSERT INTO "JEECGBOOT"."JIMU_REPORT_DB_FIELD" VALUES ('1268131709786591233', NULL, TO_DATE('2020-06-03 18:45:35', 'SYYYY-MM-DD HH24:MI:SS'), NULL, NULL, '1224643501392728065', 'create_by', 'create_by', 'string', NULL, NULL, '0', NULL, NULL);
INSERT INTO "JEECGBOOT"."JIMU_REPORT_DB_FIELD" VALUES ('1268131709786591234', NULL, TO_DATE('2020-06-03 18:45:35', 'SYYYY-MM-DD HH24:MI:SS'), NULL, NULL, '1224643501392728065', 'create_time', 'create_time', 'string', NULL, NULL, '0', NULL, NULL);
INSERT INTO "JEECGBOOT"."JIMU_REPORT_DB_FIELD" VALUES ('1268131709786591235', NULL, TO_DATE('2020-06-03 18:45:35', 'SYYYY-MM-DD HH24:MI:SS'), NULL, NULL, '1224643501392728065', 'update_by', 'update_by', 'string', NULL, NULL, '0', NULL, NULL);
INSERT INTO "JEECGBOOT"."JIMU_REPORT_DB_FIELD" VALUES ('1268131709786591236', NULL, TO_DATE('2020-06-03 18:45:35', 'SYYYY-MM-DD HH24:MI:SS'), NULL, NULL, '1224643501392728065', 'update_time', 'update_time', 'string', NULL, NULL, '0', NULL, NULL);
INSERT INTO "JEECGBOOT"."JIMU_REPORT_DB_FIELD" VALUES ('1268131709786591237', NULL, TO_DATE('2020-06-03 18:45:35', 'SYYYY-MM-DD HH24:MI:SS'), NULL, NULL, '1224643501392728065', 'del_flag', 'del_flag', 'string', NULL, NULL, '0', NULL, NULL);
INSERT INTO "JEECGBOOT"."JIMU_REPORT_DB_FIELD" VALUES ('1272821234379288578', NULL, TO_DATE('2020-06-16 17:20:05', 'SYYYY-MM-DD HH24:MI:SS'), NULL, NULL, '1272816825196900354', 'id', 'id', 'string', NULL, NULL, '0', NULL, NULL);
INSERT INTO "JEECGBOOT"."JIMU_REPORT_DB_FIELD" VALUES ('1272821234383482882', NULL, TO_DATE('2020-06-16 17:20:05', 'SYYYY-MM-DD HH24:MI:SS'), NULL, NULL, '1272816825196900354', 'name', 'name', 'string', NULL, NULL, '0', NULL, NULL);
INSERT INTO "JEECGBOOT"."JIMU_REPORT_DB_FIELD" VALUES ('1272821234383482883', NULL, TO_DATE('2020-06-16 17:20:05', 'SYYYY-MM-DD HH24:MI:SS'), NULL, NULL, '1272816825196900354', 'day', 'day', 'string', NULL, NULL, '0', NULL, NULL);
INSERT INTO "JEECGBOOT"."JIMU_REPORT_DB_FIELD" VALUES ('1272821234387677186', NULL, TO_DATE('2020-06-16 17:20:05', 'SYYYY-MM-DD HH24:MI:SS'), NULL, NULL, '1272816825196900354', 'zcdaka', 'zcdaka', 'string', NULL, NULL, '0', NULL, NULL);
INSERT INTO "JEECGBOOT"."JIMU_REPORT_DB_FIELD" VALUES ('1272821234387677187', NULL, TO_DATE('2020-06-16 17:20:05', 'SYYYY-MM-DD HH24:MI:SS'), NULL, NULL, '1272816825196900354', 'cdday', 'cdday', 'string', NULL, NULL, '0', NULL, NULL);
INSERT INTO "JEECGBOOT"."JIMU_REPORT_DB_FIELD" VALUES ('1272821234391871489', NULL, TO_DATE('2020-06-16 17:20:05', 'SYYYY-MM-DD HH24:MI:SS'), NULL, NULL, '1272816825196900354', 'ztday', 'ztday', 'string', NULL, NULL, '0', NULL, NULL);
INSERT INTO "JEECGBOOT"."JIMU_REPORT_DB_FIELD" VALUES ('1272821234391871490', NULL, TO_DATE('2020-06-16 17:20:05', 'SYYYY-MM-DD HH24:MI:SS'), NULL, NULL, '1272816825196900354', 'kgday', 'kgday', 'string', NULL, NULL, '0', NULL, NULL);
INSERT INTO "JEECGBOOT"."JIMU_REPORT_DB_FIELD" VALUES ('1272821234391871491', NULL, TO_DATE('2020-06-16 17:20:05', 'SYYYY-MM-DD HH24:MI:SS'), NULL, NULL, '1272816825196900354', 'bcnum', 'bcnum', 'string', NULL, NULL, '0', NULL, NULL);
INSERT INTO "JEECGBOOT"."JIMU_REPORT_DB_FIELD" VALUES ('1272821234391871492', NULL, TO_DATE('2020-06-16 17:20:05', 'SYYYY-MM-DD HH24:MI:SS'), NULL, NULL, '1272816825196900354', 'wqday', 'wqday', 'string', NULL, NULL, '0', NULL, NULL);
INSERT INTO "JEECGBOOT"."JIMU_REPORT_DB_FIELD" VALUES ('1272821234396065794', NULL, TO_DATE('2020-06-16 17:20:05', 'SYYYY-MM-DD HH24:MI:SS'), NULL, NULL, '1272816825196900354', 'ccday', 'ccday', 'string', NULL, NULL, '0', NULL, NULL);
INSERT INTO "JEECGBOOT"."JIMU_REPORT_DB_FIELD" VALUES ('1272821234396065795', NULL, TO_DATE('2020-06-16 17:20:05', 'SYYYY-MM-DD HH24:MI:SS'), NULL, NULL, '1272816825196900354', 'qjnum', 'qjnum', 'string', NULL, NULL, '0', NULL, NULL);
INSERT INTO "JEECGBOOT"."JIMU_REPORT_DB_FIELD" VALUES ('1272821234396065796', NULL, TO_DATE('2020-06-16 17:20:05', 'SYYYY-MM-DD HH24:MI:SS'), NULL, NULL, '1272816825196900354', 'qknum', 'qknum', 'string', NULL, NULL, '0', NULL, NULL);
INSERT INTO "JEECGBOOT"."JIMU_REPORT_DB_FIELD" VALUES ('1272834907562864641', NULL, TO_DATE('2020-06-16 18:14:25', 'SYYYY-MM-DD HH24:MI:SS'), NULL, NULL, '1272834687525482497', 'id', 'id', 'string', NULL, NULL, '0', NULL, NULL);
INSERT INTO "JEECGBOOT"."JIMU_REPORT_DB_FIELD" VALUES ('1272834907567058946', NULL, TO_DATE('2020-06-16 18:14:25', 'SYYYY-MM-DD HH24:MI:SS'), NULL, NULL, '1272834687525482497', 'bnum', 'bnum', 'string', NULL, NULL, '0', NULL, NULL);
INSERT INTO "JEECGBOOT"."JIMU_REPORT_DB_FIELD" VALUES ('1272834907571253250', NULL, TO_DATE('2020-06-16 18:14:25', 'SYYYY-MM-DD HH24:MI:SS'), NULL, NULL, '1272834687525482497', 'ftime', 'ftime', 'string', NULL, NULL, '0', NULL, NULL);
INSERT INTO "JEECGBOOT"."JIMU_REPORT_DB_FIELD" VALUES ('1272834907571253251', NULL, TO_DATE('2020-06-16 18:14:25', 'SYYYY-MM-DD HH24:MI:SS'), NULL, NULL, '1272834687525482497', 'sfkong', 'sfkong', 'string', NULL, NULL, '0', NULL, NULL);
INSERT INTO "JEECGBOOT"."JIMU_REPORT_DB_FIELD" VALUES ('1272834907571253252', NULL, TO_DATE('2020-06-16 18:14:25', 'SYYYY-MM-DD HH24:MI:SS'), NULL, NULL, '1272834687525482497', 'kaishi', 'kaishi', 'string', NULL, NULL, '0', NULL, NULL);
INSERT INTO "JEECGBOOT"."JIMU_REPORT_DB_FIELD" VALUES ('1272834907571253253', NULL, TO_DATE('2020-06-16 18:14:25', 'SYYYY-MM-DD HH24:MI:SS'), NULL, NULL, '1272834687525482497', 'jieshu', 'jieshu', 'string', NULL, NULL, '0', NULL, NULL);
INSERT INTO "JEECGBOOT"."JIMU_REPORT_DB_FIELD" VALUES ('1272834907571253254', NULL, TO_DATE('2020-06-16 18:14:25', 'SYYYY-MM-DD HH24:MI:SS'), NULL, NULL, '1272834687525482497', 'hezairen', 'hezairen', 'string', NULL, NULL, '0', NULL, NULL);
INSERT INTO "JEECGBOOT"."JIMU_REPORT_DB_FIELD" VALUES ('1272834907571253255', NULL, TO_DATE('2020-06-16 18:14:25', 'SYYYY-MM-DD HH24:MI:SS'), NULL, NULL, '1272834687525482497', 'jpnum', 'jpnum', 'string', NULL, NULL, '0', NULL, NULL);
INSERT INTO "JEECGBOOT"."JIMU_REPORT_DB_FIELD" VALUES ('1272834907575447554', NULL, TO_DATE('2020-06-16 18:14:25', 'SYYYY-MM-DD HH24:MI:SS'), NULL, NULL, '1272834687525482497', 'shihelv', 'shihelv', 'string', NULL, NULL, '0', NULL, NULL);
INSERT INTO "JEECGBOOT"."JIMU_REPORT_DB_FIELD" VALUES ('1273157643501887490', NULL, TO_DATE('2020-06-17 15:36:51', 'SYYYY-MM-DD HH24:MI:SS'), NULL, NULL, '1273157643468333058', 'id', 'id', 'string', NULL, NULL, '0', NULL, NULL);
INSERT INTO "JEECGBOOT"."JIMU_REPORT_DB_FIELD" VALUES ('1273157643510276097', NULL, TO_DATE('2020-06-17 15:36:51', 'SYYYY-MM-DD HH24:MI:SS'), NULL, NULL, '1273157643468333058', 'name', 'name', 'string', NULL, NULL, '0', NULL, NULL);
INSERT INTO "JEECGBOOT"."JIMU_REPORT_DB_FIELD" VALUES ('1273157643510276098', NULL, TO_DATE('2020-06-17 15:36:51', 'SYYYY-MM-DD HH24:MI:SS'), NULL, NULL, '1273157643468333058', 'day', 'day', 'string', NULL, NULL, '0', NULL, NULL);
INSERT INTO "JEECGBOOT"."JIMU_REPORT_DB_FIELD" VALUES ('1273157643510276099', NULL, TO_DATE('2020-06-17 15:36:51', 'SYYYY-MM-DD HH24:MI:SS'), NULL, NULL, '1273157643468333058', 'zcdaka', 'zcdaka', 'string', NULL, NULL, '0', NULL, NULL);
INSERT INTO "JEECGBOOT"."JIMU_REPORT_DB_FIELD" VALUES ('1273157643514470402', NULL, TO_DATE('2020-06-17 15:36:51', 'SYYYY-MM-DD HH24:MI:SS'), NULL, NULL, '1273157643468333058', 'cdday', 'cdday', 'string', NULL, NULL, '0', NULL, NULL);
INSERT INTO "JEECGBOOT"."JIMU_REPORT_DB_FIELD" VALUES ('1273157643514470403', NULL, TO_DATE('2020-06-17 15:36:51', 'SYYYY-MM-DD HH24:MI:SS'), NULL, NULL, '1273157643468333058', 'ztday', 'ztday', 'string', NULL, NULL, '0', NULL, NULL);
INSERT INTO "JEECGBOOT"."JIMU_REPORT_DB_FIELD" VALUES ('1273157643514470404', NULL, TO_DATE('2020-06-17 15:36:51', 'SYYYY-MM-DD HH24:MI:SS'), NULL, NULL, '1273157643468333058', 'kgday', 'kgday', 'string', NULL, NULL, '0', NULL, NULL);
INSERT INTO "JEECGBOOT"."JIMU_REPORT_DB_FIELD" VALUES ('1273157643514470405', NULL, TO_DATE('2020-06-17 15:36:51', 'SYYYY-MM-DD HH24:MI:SS'), NULL, NULL, '1273157643468333058', 'bcnum', 'bcnum', 'string', NULL, NULL, '0', NULL, NULL);
INSERT INTO "JEECGBOOT"."JIMU_REPORT_DB_FIELD" VALUES ('1273157643514470406', NULL, TO_DATE('2020-06-17 15:36:51', 'SYYYY-MM-DD HH24:MI:SS'), NULL, NULL, '1273157643468333058', 'wqday', 'wqday', 'string', NULL, NULL, '0', NULL, NULL);
INSERT INTO "JEECGBOOT"."JIMU_REPORT_DB_FIELD" VALUES ('1273157643518664705', NULL, TO_DATE('2020-06-17 15:36:51', 'SYYYY-MM-DD HH24:MI:SS'), NULL, NULL, '1273157643468333058', 'ccday', 'ccday', 'string', NULL, NULL, '0', NULL, NULL);
INSERT INTO "JEECGBOOT"."JIMU_REPORT_DB_FIELD" VALUES ('1273157643518664706', NULL, TO_DATE('2020-06-17 15:36:51', 'SYYYY-MM-DD HH24:MI:SS'), NULL, NULL, '1273157643468333058', 'qjnum', 'qjnum', 'string', NULL, NULL, '0', NULL, NULL);
INSERT INTO "JEECGBOOT"."JIMU_REPORT_DB_FIELD" VALUES ('1273157643518664707', NULL, TO_DATE('2020-06-17 15:36:51', 'SYYYY-MM-DD HH24:MI:SS'), NULL, NULL, '1273157643468333058', 'qknum', 'qknum', 'string', NULL, NULL, '0', NULL, NULL);
INSERT INTO "JEECGBOOT"."JIMU_REPORT_DB_FIELD" VALUES ('1273177620112019457', NULL, TO_DATE('2020-06-17 16:56:14', 'SYYYY-MM-DD HH24:MI:SS'), NULL, NULL, '1273069349434863618', 'id', 'id', 'string', NULL, NULL, '0', NULL, NULL);
INSERT INTO "JEECGBOOT"."JIMU_REPORT_DB_FIELD" VALUES ('1273177620120408065', NULL, TO_DATE('2020-06-17 16:56:14', 'SYYYY-MM-DD HH24:MI:SS'), NULL, NULL, '1273069349434863618', 'name', 'name', 'string', NULL, NULL, '0', NULL, NULL);
INSERT INTO "JEECGBOOT"."JIMU_REPORT_DB_FIELD" VALUES ('1273177620120408066', NULL, TO_DATE('2020-06-17 16:56:14', 'SYYYY-MM-DD HH24:MI:SS'), NULL, NULL, '1273069349434863618', 'specifications', 'specifications', 'string', NULL, NULL, '0', NULL, NULL);
INSERT INTO "JEECGBOOT"."JIMU_REPORT_DB_FIELD" VALUES ('1273177620120408067', NULL, TO_DATE('2020-06-17 16:56:14', 'SYYYY-MM-DD HH24:MI:SS'), NULL, NULL, '1273069349434863618', 'num', 'num', 'string', NULL, NULL, '0', NULL, NULL);
INSERT INTO "JEECGBOOT"."JIMU_REPORT_DB_FIELD" VALUES ('1273177620120408068', NULL, TO_DATE('2020-06-17 16:56:14', 'SYYYY-MM-DD HH24:MI:SS'), NULL, NULL, '1273069349434863618', 'price', 'price', 'string', NULL, NULL, '0', NULL, NULL);
INSERT INTO "JEECGBOOT"."JIMU_REPORT_DB_FIELD" VALUES ('1273177620120408069', NULL, TO_DATE('2020-06-17 16:56:14', 'SYYYY-MM-DD HH24:MI:SS'), NULL, NULL, '1273069349434863618', 'total', 'total', 'string', NULL, NULL, '0', NULL, NULL);
INSERT INTO "JEECGBOOT"."JIMU_REPORT_DB_FIELD" VALUES ('1273177620128796673', NULL, TO_DATE('2020-06-17 16:56:14', 'SYYYY-MM-DD HH24:MI:SS'), NULL, NULL, '1273069349434863618', 'remarks', 'remarks', 'string', NULL, NULL, '0', NULL, NULL);
INSERT INTO "JEECGBOOT"."JIMU_REPORT_DB_FIELD" VALUES ('1273205941692600321', NULL, TO_DATE('2020-06-17 18:48:46', 'SYYYY-MM-DD HH24:MI:SS'), NULL, NULL, '1273205941680017410', 'id', 'id', 'string', NULL, NULL, '0', NULL, NULL);
INSERT INTO "JEECGBOOT"."JIMU_REPORT_DB_FIELD" VALUES ('1273205941700988929', NULL, TO_DATE('2020-06-17 18:48:46', 'SYYYY-MM-DD HH24:MI:SS'), NULL, NULL, '1273205941680017410', 'bname', 'bname', 'string', NULL, NULL, '0', NULL, NULL);
INSERT INTO "JEECGBOOT"."JIMU_REPORT_DB_FIELD" VALUES ('1273205941700988930', NULL, TO_DATE('2020-06-17 18:48:46', 'SYYYY-MM-DD HH24:MI:SS'), NULL, NULL, '1273205941680017410', 'stotal', 'stotal', 'string', NULL, NULL, '0', NULL, NULL);
INSERT INTO "JEECGBOOT"."JIMU_REPORT_DB_FIELD" VALUES ('1273205941700988931', NULL, TO_DATE('2020-06-17 18:48:46', 'SYYYY-MM-DD HH24:MI:SS'), NULL, NULL, '1273205941680017410', 'starget', 'starget', 'string', NULL, NULL, '0', NULL, NULL);
INSERT INTO "JEECGBOOT"."JIMU_REPORT_DB_FIELD" VALUES ('1273205941700988932', NULL, TO_DATE('2020-06-17 18:48:46', 'SYYYY-MM-DD HH24:MI:SS'), NULL, NULL, '1273205941680017410', 'srate', 'srate', 'string', NULL, NULL, '0', NULL, NULL);
INSERT INTO "JEECGBOOT"."JIMU_REPORT_DB_FIELD" VALUES ('1273205941700988933', NULL, TO_DATE('2020-06-17 18:48:46', 'SYYYY-MM-DD HH24:MI:SS'), NULL, NULL, '1273205941680017410', 'jtotal', 'jtotal', 'string', NULL, NULL, '0', NULL, NULL);
INSERT INTO "JEECGBOOT"."JIMU_REPORT_DB_FIELD" VALUES ('1273205941700988934', NULL, TO_DATE('2020-06-17 18:48:46', 'SYYYY-MM-DD HH24:MI:SS'), NULL, NULL, '1273205941680017410', 'jtarget', 'jtarget', 'string', NULL, NULL, '0', NULL, NULL);
INSERT INTO "JEECGBOOT"."JIMU_REPORT_DB_FIELD" VALUES ('1273205941705183234', NULL, TO_DATE('2020-06-17 18:48:46', 'SYYYY-MM-DD HH24:MI:SS'), NULL, NULL, '1273205941680017410', 'jrate', 'jrate', 'string', NULL, NULL, '0', NULL, NULL);
INSERT INTO "JEECGBOOT"."JIMU_REPORT_DB_FIELD" VALUES ('1282993618340024321', NULL, TO_DATE('2020-07-14 19:01:30', 'SYYYY-MM-DD HH24:MI:SS'), NULL, NULL, '1282993618201612289', 'id', 'id', 'string', NULL, NULL, '0', NULL, NULL);
INSERT INTO "JEECGBOOT"."JIMU_REPORT_DB_FIELD" VALUES ('1282993618352607233', NULL, TO_DATE('2020-07-14 19:01:30', 'SYYYY-MM-DD HH24:MI:SS'), NULL, NULL, '1282993618201612289', 'cname', 'cname', 'string', NULL, NULL, '0', NULL, NULL);
INSERT INTO "JEECGBOOT"."JIMU_REPORT_DB_FIELD" VALUES ('1282993618356801538', NULL, TO_DATE('2020-07-14 19:01:30', 'SYYYY-MM-DD HH24:MI:SS'), NULL, NULL, '1282993618201612289', 'hname', 'hname', 'string', NULL, NULL, '0', NULL, NULL);
INSERT INTO "JEECGBOOT"."JIMU_REPORT_DB_FIELD" VALUES ('1282993618356801539', NULL, TO_DATE('2020-07-14 19:01:30', 'SYYYY-MM-DD HH24:MI:SS'), NULL, NULL, '1282993618201612289', 'num', 'num', 'string', NULL, NULL, '0', NULL, NULL);
INSERT INTO "JEECGBOOT"."JIMU_REPORT_DB_FIELD" VALUES ('1282993618356801540', NULL, TO_DATE('2020-07-14 19:01:30', 'SYYYY-MM-DD HH24:MI:SS'), NULL, NULL, '1282993618201612289', 'jtotal', 'jtotal', 'string', NULL, NULL, '0', NULL, NULL);
INSERT INTO "JEECGBOOT"."JIMU_REPORT_DB_FIELD" VALUES ('1282993618360995842', NULL, TO_DATE('2020-07-14 19:01:30', 'SYYYY-MM-DD HH24:MI:SS'), NULL, NULL, '1282993618201612289', 'jaddress', 'jaddress', 'string', NULL, NULL, '0', NULL, NULL);
INSERT INTO "JEECGBOOT"."JIMU_REPORT_DB_FIELD" VALUES ('1282993618365190145', NULL, TO_DATE('2020-07-14 19:01:30', 'SYYYY-MM-DD HH24:MI:SS'), NULL, NULL, '1282993618201612289', 'snum', 'snum', 'string', NULL, NULL, '0', NULL, NULL);
INSERT INTO "JEECGBOOT"."JIMU_REPORT_DB_FIELD" VALUES ('1282993618369384449', NULL, TO_DATE('2020-07-14 19:01:30', 'SYYYY-MM-DD HH24:MI:SS'), NULL, NULL, '1282993618201612289', 'hushu', 'hushu', 'string', NULL, NULL, '0', NULL, NULL);
INSERT INTO "JEECGBOOT"."JIMU_REPORT_DB_FIELD" VALUES ('1282993618369384450', NULL, TO_DATE('2020-07-14 19:01:30', 'SYYYY-MM-DD HH24:MI:SS'), NULL, NULL, '1282993618201612289', 'renkou', 'renkou', 'string', NULL, NULL, '0', NULL, NULL);
INSERT INTO "JEECGBOOT"."JIMU_REPORT_DB_FIELD" VALUES ('1282993618369384451', NULL, TO_DATE('2020-07-14 19:01:30', 'SYYYY-MM-DD HH24:MI:SS'), NULL, NULL, '1282993618201612289', 'money', 'money', 'string', NULL, NULL, '0', NULL, NULL);
INSERT INTO "JEECGBOOT"."JIMU_REPORT_DB_FIELD" VALUES ('1282993618369384452', NULL, TO_DATE('2020-07-14 19:01:30', 'SYYYY-MM-DD HH24:MI:SS'), NULL, NULL, '1282993618201612289', 'shouru', 'shouru', 'string', NULL, NULL, '0', NULL, NULL);
INSERT INTO "JEECGBOOT"."JIMU_REPORT_DB_FIELD" VALUES ('1282993618373578754', NULL, TO_DATE('2020-07-14 19:01:30', 'SYYYY-MM-DD HH24:MI:SS'), NULL, NULL, '1282993618201612289', 'bkey', 'bkey', 'string', NULL, NULL, '0', NULL, NULL);
INSERT INTO "JEECGBOOT"."JIMU_REPORT_DB_FIELD" VALUES ('1282993618373578755', NULL, TO_DATE('2020-07-14 19:01:30', 'SYYYY-MM-DD HH24:MI:SS'), NULL, NULL, '1282993618201612289', 'brenkou', 'brenkou', 'string', NULL, NULL, '0', NULL, NULL);
INSERT INTO "JEECGBOOT"."JIMU_REPORT_DB_FIELD" VALUES ('1282993618373578756', NULL, TO_DATE('2020-07-14 19:01:30', 'SYYYY-MM-DD HH24:MI:SS'), NULL, NULL, '1282993618201612289', 'cbuzhu', 'cbuzhu', 'string', NULL, NULL, '0', NULL, NULL);
INSERT INTO "JEECGBOOT"."JIMU_REPORT_DB_FIELD" VALUES ('1282993618373578757', NULL, TO_DATE('2020-07-14 19:01:30', 'SYYYY-MM-DD HH24:MI:SS'), NULL, NULL, '1282993618201612289', 'qbuzhu', 'qbuzhu', 'string', NULL, NULL, '0', NULL, NULL);
INSERT INTO "JEECGBOOT"."JIMU_REPORT_DB_FIELD" VALUES ('1282993618377773058', NULL, TO_DATE('2020-07-14 19:01:30', 'SYYYY-MM-DD HH24:MI:SS'), NULL, NULL, '1282993618201612289', 'zbuzhu', 'zbuzhu', 'string', NULL, NULL, '0', NULL, NULL);
INSERT INTO "JEECGBOOT"."JIMU_REPORT_DB_FIELD" VALUES ('1282993618381967361', NULL, TO_DATE('2020-07-14 19:01:30', 'SYYYY-MM-DD HH24:MI:SS'), NULL, NULL, '1282993618201612289', 'hbuzhu', 'hbuzhu', 'string', NULL, NULL, '0', NULL, NULL);
INSERT INTO "JEECGBOOT"."JIMU_REPORT_DB_FIELD" VALUES ('1282993618381967362', NULL, TO_DATE('2020-07-14 19:01:30', 'SYYYY-MM-DD HH24:MI:SS'), NULL, NULL, '1282993618201612289', 'sxinzeng', 'sxinzeng', 'string', NULL, NULL, '0', NULL, NULL);
INSERT INTO "JEECGBOOT"."JIMU_REPORT_DB_FIELD" VALUES ('1282993618381967363', NULL, TO_DATE('2020-07-14 19:01:30', 'SYYYY-MM-DD HH24:MI:SS'), NULL, NULL, '1282993618201612289', 'schaobiao', 'schaobiao', 'string', NULL, NULL, '0', NULL, NULL);
INSERT INTO "JEECGBOOT"."JIMU_REPORT_DB_FIELD" VALUES ('1282993618386161665', NULL, TO_DATE('2020-07-14 19:01:30', 'SYYYY-MM-DD HH24:MI:SS'), NULL, NULL, '1282993618201612289', 'jchaobiao', 'jchaobiao', 'string', NULL, NULL, '0', NULL, NULL);
INSERT INTO "JEECGBOOT"."JIMU_REPORT_DB_FIELD" VALUES ('1282993618386161666', NULL, TO_DATE('2020-07-14 19:01:30', 'SYYYY-MM-DD HH24:MI:SS'), NULL, NULL, '1282993618201612289', 'die', 'die', 'string', NULL, NULL, '0', NULL, NULL);
INSERT INTO "JEECGBOOT"."JIMU_REPORT_DB_FIELD" VALUES ('1282993618386161667', NULL, TO_DATE('2020-07-14 19:01:30', 'SYYYY-MM-DD HH24:MI:SS'), NULL, NULL, '1282993618201612289', 'qita', 'qita', 'string', NULL, NULL, '0', NULL, NULL);
INSERT INTO "JEECGBOOT"."JIMU_REPORT_DB_FIELD" VALUES ('1283730831688458241', NULL, TO_DATE('2020-07-16 19:50:55', 'SYYYY-MM-DD HH24:MI:SS'), NULL, NULL, '1283730831482937345', 'name', 'name', NULL, NULL, NULL, '0', NULL, NULL);
INSERT INTO "JEECGBOOT"."JIMU_REPORT_DB_FIELD" VALUES ('1283730831705235458', NULL, TO_DATE('2020-07-16 19:50:56', 'SYYYY-MM-DD HH24:MI:SS'), NULL, NULL, '1283730831482937345', 'value', 'value', NULL, NULL, NULL, '0', NULL, NULL);
INSERT INTO "JEECGBOOT"."JIMU_REPORT_DB_FIELD" VALUES ('1283730831717818369', NULL, TO_DATE('2020-07-16 19:50:56', 'SYYYY-MM-DD HH24:MI:SS'), NULL, NULL, '1283730831482937345', 'percent', 'percent', NULL, NULL, NULL, '0', NULL, NULL);
INSERT INTO "JEECGBOOT"."JIMU_REPORT_DB_FIELD" VALUES ('1283957016175415297', NULL, TO_DATE('2020-07-17 10:49:42', 'SYYYY-MM-DD HH24:MI:SS'), NULL, NULL, '1283957016150249473', 'yphone', 'yphone', NULL, NULL, NULL, '0', NULL, NULL);
INSERT INTO "JEECGBOOT"."JIMU_REPORT_DB_FIELD" VALUES ('1283957016183803906', NULL, TO_DATE('2020-07-17 10:49:42', 'SYYYY-MM-DD HH24:MI:SS'), NULL, NULL, '1283957016150249473', 'yzhenliao', 'yzhenliao', NULL, NULL, NULL, '0', NULL, NULL);
INSERT INTO "JEECGBOOT"."JIMU_REPORT_DB_FIELD" VALUES ('1283957016187998209', NULL, TO_DATE('2020-07-17 10:49:42', 'SYYYY-MM-DD HH24:MI:SS'), NULL, NULL, '1283957016150249473', 'ysex', 'ysex', NULL, NULL, NULL, '0', NULL, NULL);
INSERT INTO "JEECGBOOT"."JIMU_REPORT_DB_FIELD" VALUES ('1283957016192192513', NULL, TO_DATE('2020-07-17 10:49:42', 'SYYYY-MM-DD HH24:MI:SS'), NULL, NULL, '1283957016150249473', 'danwei', 'danwei', NULL, NULL, NULL, '0', NULL, NULL);
INSERT INTO "JEECGBOOT"."JIMU_REPORT_DB_FIELD" VALUES ('1283957016196386818', NULL, TO_DATE('2020-07-17 10:49:42', 'SYYYY-MM-DD HH24:MI:SS'), NULL, NULL, '1283957016150249473', 'kdata', 'kdata', NULL, NULL, NULL, '0', NULL, NULL);
INSERT INTO "JEECGBOOT"."JIMU_REPORT_DB_FIELD" VALUES ('1283957016204775425', NULL, TO_DATE('2020-07-17 10:49:42', 'SYYYY-MM-DD HH24:MI:SS'), NULL, NULL, '1283957016150249473', 'yname', 'yname', NULL, NULL, NULL, '0', NULL, NULL);
INSERT INTO "JEECGBOOT"."JIMU_REPORT_DB_FIELD" VALUES ('1283957016208969729', NULL, TO_DATE('2020-07-17 10:49:42', 'SYYYY-MM-DD HH24:MI:SS'), NULL, NULL, '1283957016150249473', 'yprice', 'yprice', NULL, NULL, NULL, '0', NULL, NULL);
INSERT INTO "JEECGBOOT"."JIMU_REPORT_DB_FIELD" VALUES ('1283957016213164033', NULL, TO_DATE('2020-07-17 10:49:42', 'SYYYY-MM-DD HH24:MI:SS'), NULL, NULL, '1283957016150249473', 'ytotal', 'ytotal', NULL, NULL, NULL, '0', NULL, NULL);
INSERT INTO "JEECGBOOT"."JIMU_REPORT_DB_FIELD" VALUES ('1283957016217358337', NULL, TO_DATE('2020-07-17 10:49:42', 'SYYYY-MM-DD HH24:MI:SS'), NULL, NULL, '1283957016150249473', 'yishe', 'yishe', NULL, NULL, NULL, '0', NULL, NULL);
INSERT INTO "JEECGBOOT"."JIMU_REPORT_DB_FIELD" VALUES ('1283957016221552641', NULL, TO_DATE('2020-07-17 10:49:42', 'SYYYY-MM-DD HH24:MI:SS'), NULL, NULL, '1283957016150249473', 'yizhu', 'yizhu', NULL, NULL, NULL, '0', NULL, NULL);
INSERT INTO "JEECGBOOT"."JIMU_REPORT_DB_FIELD" VALUES ('1283957016225746946', NULL, TO_DATE('2020-07-17 10:49:42', 'SYYYY-MM-DD HH24:MI:SS'), NULL, NULL, '1283957016150249473', 'yage', 'yage', NULL, NULL, NULL, '0', NULL, NULL);
INSERT INTO "JEECGBOOT"."JIMU_REPORT_DB_FIELD" VALUES ('1283957016229941249', NULL, TO_DATE('2020-07-17 10:49:42', 'SYYYY-MM-DD HH24:MI:SS'), NULL, NULL, '1283957016150249473', 'yjieguo', 'yjieguo', NULL, NULL, NULL, '0', NULL, NULL);
INSERT INTO "JEECGBOOT"."JIMU_REPORT_DB_FIELD" VALUES ('1284028534301204481', NULL, TO_DATE('2020-07-17 15:33:53', 'SYYYY-MM-DD HH24:MI:SS'), NULL, NULL, '1284028534276038658', 'xtype', 'xtype', NULL, NULL, NULL, '0', NULL, NULL);
INSERT INTO "JEECGBOOT"."JIMU_REPORT_DB_FIELD" VALUES ('1284028534305398786', NULL, TO_DATE('2020-07-17 15:33:53', 'SYYYY-MM-DD HH24:MI:SS'), NULL, NULL, '1284028534276038658', 'danyuan', 'danyuan', NULL, NULL, NULL, '0', NULL, NULL);
INSERT INTO "JEECGBOOT"."JIMU_REPORT_DB_FIELD" VALUES ('1284028534309593090', NULL, TO_DATE('2020-07-17 15:33:53', 'SYYYY-MM-DD HH24:MI:SS'), NULL, NULL, '1284028534276038658', 'chanquan', 'chanquan', NULL, NULL, NULL, '0', NULL, NULL);
INSERT INTO "JEECGBOOT"."JIMU_REPORT_DB_FIELD" VALUES ('1284028534313787394', NULL, TO_DATE('2020-07-17 15:33:53', 'SYYYY-MM-DD HH24:MI:SS'), NULL, NULL, '1284028534276038658', 'zhuzhi', 'zhuzhi', NULL, NULL, NULL, '0', NULL, NULL);
INSERT INTO "JEECGBOOT"."JIMU_REPORT_DB_FIELD" VALUES ('1284028534317981698', NULL, TO_DATE('2020-07-17 15:33:53', 'SYYYY-MM-DD HH24:MI:SS'), NULL, NULL, '1284028534276038658', 'fujian', 'fujian', NULL, NULL, NULL, '0', NULL, NULL);
INSERT INTO "JEECGBOOT"."JIMU_REPORT_DB_FIELD" VALUES ('1284028534322176002', NULL, TO_DATE('2020-07-17 15:33:53', 'SYYYY-MM-DD HH24:MI:SS'), NULL, NULL, '1284028534276038658', 'didian', 'didian', NULL, NULL, NULL, '0', NULL, NULL);
INSERT INTO "JEECGBOOT"."JIMU_REPORT_DB_FIELD" VALUES ('1284028534326370306', NULL, TO_DATE('2020-07-17 15:33:53', 'SYYYY-MM-DD HH24:MI:SS'), NULL, NULL, '1284028534276038658', 'type', 'type', NULL, NULL, NULL, '0', NULL, NULL);
INSERT INTO "JEECGBOOT"."JIMU_REPORT_DB_FIELD" VALUES ('1284028534330564609', NULL, TO_DATE('2020-07-17 15:33:53', 'SYYYY-MM-DD HH24:MI:SS'), NULL, NULL, '1284028534276038658', 'suoyou', 'suoyou', NULL, NULL, NULL, '0', NULL, NULL);
INSERT INTO "JEECGBOOT"."JIMU_REPORT_DB_FIELD" VALUES ('1284028534334758913', NULL, TO_DATE('2020-07-17 15:33:53', 'SYYYY-MM-DD HH24:MI:SS'), NULL, NULL, '1284028534276038658', 'name', 'name', NULL, NULL, NULL, '0', NULL, NULL);
INSERT INTO "JEECGBOOT"."JIMU_REPORT_DB_FIELD" VALUES ('1284028534338953217', NULL, TO_DATE('2020-07-17 15:33:53', 'SYYYY-MM-DD HH24:MI:SS'), NULL, NULL, '1284028534276038658', 'yname', 'yname', NULL, NULL, NULL, '0', NULL, NULL);
INSERT INTO "JEECGBOOT"."JIMU_REPORT_DB_FIELD" VALUES ('1284028534343147521', NULL, TO_DATE('2020-07-17 15:33:53', 'SYYYY-MM-DD HH24:MI:SS'), NULL, NULL, '1284028534276038658', 'riqi', 'riqi', NULL, NULL, NULL, '0', NULL, NULL);
INSERT INTO "JEECGBOOT"."JIMU_REPORT_DB_FIELD" VALUES ('1284028534347341825', NULL, TO_DATE('2020-07-17 15:33:53', 'SYYYY-MM-DD HH24:MI:SS'), NULL, NULL, '1284028534276038658', 'beizhu', 'beizhu', NULL, NULL, NULL, '0', NULL, NULL);
INSERT INTO "JEECGBOOT"."JIMU_REPORT_DB_FIELD" VALUES ('1284028534351536129', NULL, TO_DATE('2020-07-17 15:33:53', 'SYYYY-MM-DD HH24:MI:SS'), NULL, NULL, '1284028534276038658', 'time', 'time', NULL, NULL, NULL, '0', NULL, NULL);
INSERT INTO "JEECGBOOT"."JIMU_REPORT_DB_FIELD" VALUES ('1284028534355730433', NULL, TO_DATE('2020-07-17 15:33:53', 'SYYYY-MM-DD HH24:MI:SS'), NULL, NULL, '1284028534276038658', 'mianji', 'mianji', NULL, NULL, NULL, '0', NULL, NULL);
INSERT INTO "JEECGBOOT"."JIMU_REPORT_DB_FIELD" VALUES ('1284039349301682177', NULL, TO_DATE('2020-07-17 16:16:52', 'SYYYY-MM-DD HH24:MI:SS'), NULL, NULL, '1284039349247156225', 'ktime', 'ktime', NULL, NULL, NULL, '0', NULL, NULL);
INSERT INTO "JEECGBOOT"."JIMU_REPORT_DB_FIELD" VALUES ('1284039349310070785', NULL, TO_DATE('2020-07-17 16:16:52', 'SYYYY-MM-DD HH24:MI:SS'), NULL, NULL, '1284039349247156225', 'danwei', 'danwei', NULL, NULL, NULL, '0', NULL, NULL);
INSERT INTO "JEECGBOOT"."JIMU_REPORT_DB_FIELD" VALUES ('1284039349314265090', NULL, TO_DATE('2020-07-17 16:16:52', 'SYYYY-MM-DD HH24:MI:SS'), NULL, NULL, '1284039349247156225', 'wtime', 'wtime', NULL, NULL, NULL, '0', NULL, NULL);
INSERT INTO "JEECGBOOT"."JIMU_REPORT_DB_FIELD" VALUES ('1284039349322653698', NULL, TO_DATE('2020-07-17 16:16:52', 'SYYYY-MM-DD HH24:MI:SS'), NULL, NULL, '1284039349247156225', 'yusuan', 'yusuan', NULL, NULL, NULL, '0', NULL, NULL);
INSERT INTO "JEECGBOOT"."JIMU_REPORT_DB_FIELD" VALUES ('1284039349326848002', NULL, TO_DATE('2020-07-17 16:16:52', 'SYYYY-MM-DD HH24:MI:SS'), NULL, NULL, '1284039349247156225', 'dshenhe', 'dshenhe', NULL, NULL, NULL, '0', NULL, NULL);
INSERT INTO "JEECGBOOT"."JIMU_REPORT_DB_FIELD" VALUES ('1284039349331042306', NULL, TO_DATE('2020-07-17 16:16:52', 'SYYYY-MM-DD HH24:MI:SS'), NULL, NULL, '1284039349247156225', 'zhuren', 'zhuren', NULL, NULL, NULL, '0', NULL, NULL);
INSERT INTO "JEECGBOOT"."JIMU_REPORT_DB_FIELD" VALUES ('1284039349339430913', NULL, TO_DATE('2020-07-17 16:16:52', 'SYYYY-MM-DD HH24:MI:SS'), NULL, NULL, '1284039349247156225', 'neirong', 'neirong', NULL, NULL, NULL, '0', NULL, NULL);
INSERT INTO "JEECGBOOT"."JIMU_REPORT_DB_FIELD" VALUES ('1284039349347819521', NULL, TO_DATE('2020-07-17 16:16:52', 'SYYYY-MM-DD HH24:MI:SS'), NULL, NULL, '1284039349247156225', 'yijian', 'yijian', NULL, NULL, NULL, '0', NULL, NULL);
INSERT INTO "JEECGBOOT"."JIMU_REPORT_DB_FIELD" VALUES ('1284039349356208130', NULL, TO_DATE('2020-07-17 16:16:52', 'SYYYY-MM-DD HH24:MI:SS'), NULL, NULL, '1284039349247156225', 'time1', 'time1', NULL, NULL, NULL, '0', NULL, NULL);
INSERT INTO "JEECGBOOT"."JIMU_REPORT_DB_FIELD" VALUES ('1284039349364596738', NULL, TO_DATE('2020-07-17 16:16:52', 'SYYYY-MM-DD HH24:MI:SS'), NULL, NULL, '1284039349247156225', 'time2', 'time2', NULL, NULL, NULL, '0', NULL, NULL);
INSERT INTO "JEECGBOOT"."JIMU_REPORT_DB_FIELD" VALUES ('1284039349368791041', NULL, TO_DATE('2020-07-17 16:16:52', 'SYYYY-MM-DD HH24:MI:SS'), NULL, NULL, '1284039349247156225', 'time3', 'time3', NULL, NULL, NULL, '0', NULL, NULL);
INSERT INTO "JEECGBOOT"."JIMU_REPORT_DB_FIELD" VALUES ('1284039349377179650', NULL, TO_DATE('2020-07-17 16:16:52', 'SYYYY-MM-DD HH24:MI:SS'), NULL, NULL, '1284039349247156225', 'time4', 'time4', NULL, NULL, NULL, '0', NULL, NULL);
INSERT INTO "JEECGBOOT"."JIMU_REPORT_DB_FIELD" VALUES ('1284039349381373954', NULL, TO_DATE('2020-07-17 16:16:52', 'SYYYY-MM-DD HH24:MI:SS'), NULL, NULL, '1284039349247156225', 'pingjia', 'pingjia', NULL, NULL, NULL, '0', NULL, NULL);
INSERT INTO "JEECGBOOT"."JIMU_REPORT_DB_FIELD" VALUES ('1284039349385568258', NULL, TO_DATE('2020-07-17 16:16:52', 'SYYYY-MM-DD HH24:MI:SS'), NULL, NULL, '1284039349247156225', 'name', 'name', NULL, NULL, NULL, '0', NULL, NULL);
INSERT INTO "JEECGBOOT"."JIMU_REPORT_DB_FIELD" VALUES ('1284039349393956865', NULL, TO_DATE('2020-07-17 16:16:52', 'SYYYY-MM-DD HH24:MI:SS'), NULL, NULL, '1284039349247156225', 'bianhao', 'bianhao', NULL, NULL, NULL, '0', NULL, NULL);
INSERT INTO "JEECGBOOT"."JIMU_REPORT_DB_FIELD" VALUES ('1284039349402345474', NULL, TO_DATE('2020-07-17 16:16:52', 'SYYYY-MM-DD HH24:MI:SS'), NULL, NULL, '1284039349247156225', 'zongjie', 'zongjie', NULL, NULL, NULL, '0', NULL, NULL);
INSERT INTO "JEECGBOOT"."JIMU_REPORT_DB_FIELD" VALUES ('1284039349410734082', NULL, TO_DATE('2020-07-17 16:16:52', 'SYYYY-MM-DD HH24:MI:SS'), NULL, NULL, '1284039349247156225', 'nengli', 'nengli', NULL, NULL, NULL, '0', NULL, NULL);
INSERT INTO "JEECGBOOT"."JIMU_REPORT_DB_FIELD" VALUES ('1284039349414928386', NULL, TO_DATE('2020-07-17 16:16:52', 'SYYYY-MM-DD HH24:MI:SS'), NULL, NULL, '1284039349247156225', 'time', 'time', NULL, NULL, NULL, '0', NULL, NULL);
INSERT INTO "JEECGBOOT"."JIMU_REPORT_DB_FIELD" VALUES ('1285159608326889474', NULL, TO_DATE('2020-07-20 18:28:22', 'SYYYY-MM-DD HH24:MI:SS'), NULL, NULL, '1285157606524002305', 'fsex', 'fsex', 'string', NULL, NULL, '0', NULL, NULL);
INSERT INTO "JEECGBOOT"."JIMU_REPORT_DB_FIELD" VALUES ('1285159608335278082', NULL, TO_DATE('2020-07-20 18:28:22', 'SYYYY-MM-DD HH24:MI:SS'), NULL, NULL, '1285157606524002305', 'fname', 'fname', 'string', NULL, NULL, '0', NULL, NULL);
INSERT INTO "JEECGBOOT"."JIMU_REPORT_DB_FIELD" VALUES ('1285159608339472385', NULL, TO_DATE('2020-07-20 18:28:22', 'SYYYY-MM-DD HH24:MI:SS'), NULL, NULL, '1285157606524002305', 'shiqing', 'shiqing', 'string', NULL, NULL, '0', NULL, NULL);
INSERT INTO "JEECGBOOT"."JIMU_REPORT_DB_FIELD" VALUES ('1285159608339472386', NULL, TO_DATE('2020-07-20 18:28:22', 'SYYYY-MM-DD HH24:MI:SS'), NULL, NULL, '1285157606524002305', 'pname', 'pname', 'string', NULL, NULL, '0', NULL, NULL);
INSERT INTO "JEECGBOOT"."JIMU_REPORT_DB_FIELD" VALUES ('1285159608339472387', NULL, TO_DATE('2020-07-20 18:28:22', 'SYYYY-MM-DD HH24:MI:SS'), NULL, NULL, '1285157606524002305', 'zhuzhi', 'zhuzhi', 'string', NULL, NULL, '0', NULL, NULL);
INSERT INTO "JEECGBOOT"."JIMU_REPORT_DB_FIELD" VALUES ('1285159608339472388', NULL, TO_DATE('2020-07-20 18:28:22', 'SYYYY-MM-DD HH24:MI:SS'), NULL, NULL, '1285157606524002305', 'gdata', 'gdata', 'string', NULL, NULL, '0', NULL, NULL);
INSERT INTO "JEECGBOOT"."JIMU_REPORT_DB_FIELD" VALUES ('1285159608343666690', NULL, TO_DATE('2020-07-20 18:28:22', 'SYYYY-MM-DD HH24:MI:SS'), NULL, NULL, '1285157606524002305', 'cdata', 'cdata', 'string', NULL, NULL, '0', NULL, NULL);
INSERT INTO "JEECGBOOT"."JIMU_REPORT_DB_FIELD" VALUES ('1285164420749664258', NULL, TO_DATE('2020-07-20 18:47:30', 'SYYYY-MM-DD HH24:MI:SS'), NULL, NULL, '1285164420728692737', 'shiqing', 'shiqing', 'string', NULL, NULL, '0', NULL, NULL);
INSERT INTO "JEECGBOOT"."JIMU_REPORT_DB_FIELD" VALUES ('1285164420753858561', NULL, TO_DATE('2020-07-20 18:47:30', 'SYYYY-MM-DD HH24:MI:SS'), NULL, NULL, '1285164420728692737', 'name', 'name', 'string', NULL, NULL, '0', NULL, NULL);
INSERT INTO "JEECGBOOT"."JIMU_REPORT_DB_FIELD" VALUES ('1285164420758052866', NULL, TO_DATE('2020-07-20 18:47:30', 'SYYYY-MM-DD HH24:MI:SS'), NULL, NULL, '1285164420728692737', 'gdata', 'gdata', 'string', NULL, NULL, '0', NULL, NULL);
INSERT INTO "JEECGBOOT"."JIMU_REPORT_DB_FIELD" VALUES ('1285164420758052867', NULL, TO_DATE('2020-07-20 18:47:30', 'SYYYY-MM-DD HH24:MI:SS'), NULL, NULL, '1285164420728692737', 'value', 'value', 'string', NULL, NULL, '0', NULL, NULL);
INSERT INTO "JEECGBOOT"."JIMU_REPORT_DB_FIELD" VALUES ('1285164420758052868', NULL, TO_DATE('2020-07-20 18:47:30', 'SYYYY-MM-DD HH24:MI:SS'), NULL, NULL, '1285164420728692737', 'percent', 'percent', 'string', NULL, NULL, '0', NULL, NULL);
INSERT INTO "JEECGBOOT"."JIMU_REPORT_DB_FIELD" VALUES ('1291310199412379649', NULL, TO_DATE('2020-06-03 18:45:35', 'SYYYY-MM-DD HH24:MI:SS'), NULL, NULL, '1291310198925840385', 'del_flag', 'del_flag', 'string', NULL, NULL, '0', NULL, NULL);
INSERT INTO "JEECGBOOT"."JIMU_REPORT_DB_FIELD" VALUES ('1291311312354168833', NULL, TO_DATE('2020-07-28 11:51:04', 'SYYYY-MM-DD HH24:MI:SS'), NULL, NULL, '1291311312320614401', 'lingdao', 'lingdao', 'string', NULL, NULL, '0', NULL, NULL);
INSERT INTO "JEECGBOOT"."JIMU_REPORT_DB_FIELD" VALUES ('1291311312375140354', NULL, TO_DATE('2020-07-28 11:51:04', 'SYYYY-MM-DD HH24:MI:SS'), NULL, NULL, '1291311312320614401', 'pingjia', 'pingjia', 'string', NULL, NULL, '0', NULL, NULL);
INSERT INTO "JEECGBOOT"."JIMU_REPORT_DB_FIELD" VALUES ('1291311312383528961', NULL, TO_DATE('2020-07-28 11:51:04', 'SYYYY-MM-DD HH24:MI:SS'), NULL, NULL, '1291311312320614401', 'name', 'name', 'string', NULL, NULL, '0', NULL, NULL);
INSERT INTO "JEECGBOOT"."JIMU_REPORT_DB_FIELD" VALUES ('1291311312396111874', NULL, TO_DATE('2020-07-28 11:51:04', 'SYYYY-MM-DD HH24:MI:SS'), NULL, NULL, '1291311312320614401', 'shijian', 'shijian', 'string', NULL, NULL, '0', NULL, NULL);
INSERT INTO "JEECGBOOT"."JIMU_REPORT_DB_FIELD" VALUES ('1291549569423798273', NULL, TO_DATE('2020-07-28 17:08:41', 'SYYYY-MM-DD HH24:MI:SS'), NULL, NULL, '1291549569390243841', 'ctotal', '库存量', 'string', NULL, NULL, '0', NULL, NULL);
INSERT INTO "JEECGBOOT"."JIMU_REPORT_DB_FIELD" VALUES ('1291549569444769794', NULL, TO_DATE('2020-07-28 17:08:41', 'SYYYY-MM-DD HH24:MI:SS'), NULL, NULL, '1291549569390243841', 'cname', '产品名称', 'string', NULL, NULL, '0', NULL, NULL);
INSERT INTO "JEECGBOOT"."JIMU_REPORT_DB_FIELD" VALUES ('1291549569448964097', NULL, TO_DATE('2020-07-28 17:08:41', 'SYYYY-MM-DD HH24:MI:SS'), NULL, NULL, '1291549569390243841', 'cprice', '单价', 'string', NULL, NULL, '0', NULL, NULL);
INSERT INTO "JEECGBOOT"."JIMU_REPORT_DB_FIELD" VALUES ('1291549569465741314', NULL, TO_DATE('2020-07-28 17:08:41', 'SYYYY-MM-DD HH24:MI:SS'), NULL, NULL, '1291549569390243841', 'dtotal', '订购量', 'string', NULL, NULL, '0', NULL, NULL);
INSERT INTO "JEECGBOOT"."JIMU_REPORT_DB_FIELD" VALUES ('1291549569482518530', NULL, TO_DATE('2020-07-28 17:08:41', 'SYYYY-MM-DD HH24:MI:SS'), NULL, NULL, '1291549569390243841', 'tp', '库存总值', 'string', NULL, NULL, '0', NULL, NULL);
INSERT INTO "JEECGBOOT"."JIMU_REPORT_DB_FIELD" VALUES ('1291549569499295745', NULL, TO_DATE('2020-07-28 17:08:41', 'SYYYY-MM-DD HH24:MI:SS'), NULL, NULL, '1291549569390243841', 'ztotal', '二次订购量', 'string', NULL, NULL, '0', NULL, NULL);
INSERT INTO "JEECGBOOT"."JIMU_REPORT_DB_FIELD" VALUES ('1291549569511878657', NULL, TO_DATE('2020-07-28 17:08:41', 'SYYYY-MM-DD HH24:MI:SS'), NULL, NULL, '1291549569390243841', 'cnum', '产品数量', 'string', NULL, NULL, '0', NULL, NULL);
INSERT INTO "JEECGBOOT"."JIMU_REPORT_DB_FIELD" VALUES ('1291549584330354690', NULL, TO_DATE('2020-07-20 18:28:22', 'SYYYY-MM-DD HH24:MI:SS'), NULL, NULL, '1291549584305188865', 'fsex', 'fsex', 'string', NULL, NULL, '0', NULL, NULL);
INSERT INTO "JEECGBOOT"."JIMU_REPORT_DB_FIELD" VALUES ('1291549584347131906', NULL, TO_DATE('2020-07-20 18:28:22', 'SYYYY-MM-DD HH24:MI:SS'), NULL, NULL, '1291549584305188865', 'fname', 'fname', 'string', NULL, NULL, '0', NULL, NULL);
INSERT INTO "JEECGBOOT"."JIMU_REPORT_DB_FIELD" VALUES ('1291549584355520514', NULL, TO_DATE('2020-07-20 18:28:22', 'SYYYY-MM-DD HH24:MI:SS'), NULL, NULL, '1291549584305188865', 'shiqing', 'shiqing', 'string', NULL, NULL, '0', NULL, NULL);
INSERT INTO "JEECGBOOT"."JIMU_REPORT_DB_FIELD" VALUES ('1291549584363909121', NULL, TO_DATE('2020-07-20 18:28:22', 'SYYYY-MM-DD HH24:MI:SS'), NULL, NULL, '1291549584305188865', 'pname', 'pname', 'string', NULL, NULL, '0', NULL, NULL);
INSERT INTO "JEECGBOOT"."JIMU_REPORT_DB_FIELD" VALUES ('1291549584384880641', NULL, TO_DATE('2020-07-20 18:28:22', 'SYYYY-MM-DD HH24:MI:SS'), NULL, NULL, '1291549584305188865', 'zhuzhi', 'zhuzhi', 'string', NULL, NULL, '0', NULL, NULL);
INSERT INTO "JEECGBOOT"."JIMU_REPORT_DB_FIELD" VALUES ('1291549584401657857', NULL, TO_DATE('2020-07-20 18:28:22', 'SYYYY-MM-DD HH24:MI:SS'), NULL, NULL, '1291549584305188865', 'gdata', 'gdata', 'string', NULL, NULL, '0', NULL, NULL);
INSERT INTO "JEECGBOOT"."JIMU_REPORT_DB_FIELD" VALUES ('1291549584405852162', NULL, TO_DATE('2020-07-20 18:28:22', 'SYYYY-MM-DD HH24:MI:SS'), NULL, NULL, '1291549584305188865', 'cdata', 'cdata', 'string', NULL, NULL, '0', NULL, NULL);
INSERT INTO "JEECGBOOT"."JIMU_REPORT_DB_FIELD" VALUES ('1321743465109848065', NULL, TO_DATE('2020-10-29 17:19:34', 'SYYYY-MM-DD HH24:MI:SS'), NULL, NULL, '1308646473898983425', 'ct', 'ct', 'string', NULL, '1', '0', NULL, NULL);
INSERT INTO "JEECGBOOT"."JIMU_REPORT_DB_FIELD" VALUES ('1321743465122430978', NULL, TO_DATE('2020-10-29 17:19:34', 'SYYYY-MM-DD HH24:MI:SS'), NULL, NULL, '1308646473898983425', 'date', 'date', 'date', NULL, '2', '1', '2', NULL);
INSERT INTO "JEECGBOOT"."JIMU_REPORT_DB_FIELD" VALUES ('1321751264363610114', NULL, TO_DATE('2020-10-29 17:50:33', 'SYYYY-MM-DD HH24:MI:SS'), NULL, NULL, '1224272692274794497', 'id', 'id', 'string', NULL, '1', '0', NULL, NULL);
INSERT INTO "JEECGBOOT"."JIMU_REPORT_DB_FIELD" VALUES ('1321751264371998722', NULL, TO_DATE('2020-10-29 17:50:33', 'SYYYY-MM-DD HH24:MI:SS'), NULL, NULL, '1224272692274794497', 'month', 'month', 'string', NULL, '2', '0', NULL, NULL);
INSERT INTO "JEECGBOOT"."JIMU_REPORT_DB_FIELD" VALUES ('1321751264384581634', NULL, TO_DATE('2020-10-29 17:50:33', 'SYYYY-MM-DD HH24:MI:SS'), NULL, NULL, '1224272692274794497', 'main_operating_income', 'main_operating_income', 'string', NULL, '3', '0', NULL, NULL);
INSERT INTO "JEECGBOOT"."JIMU_REPORT_DB_FIELD" VALUES ('1321751264388775937', NULL, TO_DATE('2020-10-29 17:50:33', 'SYYYY-MM-DD HH24:MI:SS'), NULL, NULL, '1224272692274794497', 'cumulative', 'cumulative', 'string', NULL, '4', '0', NULL, NULL);
INSERT INTO "JEECGBOOT"."JIMU_REPORT_DB_FIELD" VALUES ('1321751264388775938', NULL, TO_DATE('2020-10-29 17:50:33', 'SYYYY-MM-DD HH24:MI:SS'), NULL, NULL, '1224272692274794497', 'lowest_level_in_history', 'lowest_level_in_history', 'string', NULL, '5', '0', NULL, NULL);
INSERT INTO "JEECGBOOT"."JIMU_REPORT_DB_FIELD" VALUES ('1321751264388775939', NULL, TO_DATE('2020-10-29 17:50:33', 'SYYYY-MM-DD HH24:MI:SS'), NULL, NULL, '1224272692274794497', 'historical_average', 'historical_average', 'string', NULL, '6', '0', NULL, NULL);
INSERT INTO "JEECGBOOT"."JIMU_REPORT_DB_FIELD" VALUES ('1321751264388775940', NULL, TO_DATE('2020-10-29 17:50:33', 'SYYYY-MM-DD HH24:MI:SS'), NULL, NULL, '1224272692274794497', 'record_high', 'record_high', 'string', NULL, '7', '0', NULL, NULL);
INSERT INTO "JEECGBOOT"."JIMU_REPORT_DB_FIELD" VALUES ('1321755251053756418', NULL, TO_DATE('2020-10-29 18:06:24', 'SYYYY-MM-DD HH24:MI:SS'), NULL, NULL, '1289140698221678593', 'id', 'id', 'string', NULL, '1', '0', NULL, NULL);
INSERT INTO "JEECGBOOT"."JIMU_REPORT_DB_FIELD" VALUES ('1321755251057950722', NULL, TO_DATE('2020-10-29 18:06:24', 'SYYYY-MM-DD HH24:MI:SS'), NULL, NULL, '1289140698221678593', 'bianma', 'bianma', 'string', NULL, '2', '0', NULL, NULL);
INSERT INTO "JEECGBOOT"."JIMU_REPORT_DB_FIELD" VALUES ('1321755251057950723', NULL, TO_DATE('2020-10-29 18:06:24', 'SYYYY-MM-DD HH24:MI:SS'), NULL, NULL, '1289140698221678593', 'cname', 'cname', 'string', NULL, '3', '0', NULL, NULL);
INSERT INTO "JEECGBOOT"."JIMU_REPORT_DB_FIELD" VALUES ('1321755251057950724', NULL, TO_DATE('2020-10-29 18:06:24', 'SYYYY-MM-DD HH24:MI:SS'), NULL, NULL, '1289140698221678593', 'ctime', 'ctime', 'string', NULL, '4', '0', NULL, NULL);
INSERT INTO "JEECGBOOT"."JIMU_REPORT_DB_FIELD" VALUES ('1321755251057950725', NULL, TO_DATE('2020-10-29 18:06:24', 'SYYYY-MM-DD HH24:MI:SS'), NULL, NULL, '1289140698221678593', 'cnum', 'cnum', 'string', NULL, '5', '0', NULL, NULL);
INSERT INTO "JEECGBOOT"."JIMU_REPORT_DB_FIELD" VALUES ('1321755251066339330', NULL, TO_DATE('2020-10-29 18:06:24', 'SYYYY-MM-DD HH24:MI:SS'), NULL, NULL, '1289140698221678593', 'cprice', 'cprice', 'string', NULL, '6', '0', NULL, NULL);
INSERT INTO "JEECGBOOT"."JIMU_REPORT_DB_FIELD" VALUES ('1321755251066339331', NULL, TO_DATE('2020-10-29 18:06:24', 'SYYYY-MM-DD HH24:MI:SS'), NULL, NULL, '1289140698221678593', 'yprice', 'yprice', 'string', NULL, '7', '0', NULL, NULL);
INSERT INTO "JEECGBOOT"."JIMU_REPORT_DB_FIELD" VALUES ('1321755251066339332', NULL, TO_DATE('2020-10-29 18:06:24', 'SYYYY-MM-DD HH24:MI:SS'), NULL, NULL, '1289140698221678593', 'ctotal', 'ctotal', 'string', NULL, '8', '0', NULL, NULL);
INSERT INTO "JEECGBOOT"."JIMU_REPORT_DB_FIELD" VALUES ('1324268497975488513', NULL, TO_DATE('2020-11-05 16:33:08', 'SYYYY-MM-DD HH24:MI:SS'), NULL, NULL, '1324268497690275841', 'id', 'id', 'string', NULL, '1', '0', NULL, NULL);
INSERT INTO "JEECGBOOT"."JIMU_REPORT_DB_FIELD" VALUES ('1324268497988071425', NULL, TO_DATE('2020-11-05 16:33:08', 'SYYYY-MM-DD HH24:MI:SS'), NULL, NULL, '1324268497690275841', 'jwid', 'jwid', 'string', NULL, '2', '0', NULL, NULL);
INSERT INTO "JEECGBOOT"."JIMU_REPORT_DB_FIELD" VALUES ('1324268497988071426', NULL, TO_DATE('2020-11-05 16:33:08', 'SYYYY-MM-DD HH24:MI:SS'), NULL, NULL, '1324268497690275841', 'name', 'name', 'string', NULL, '3', '0', NULL, NULL);
INSERT INTO "JEECGBOOT"."JIMU_REPORT_DB_FIELD" VALUES ('1324268497988071427', NULL, TO_DATE('2020-11-05 16:33:08', 'SYYYY-MM-DD HH24:MI:SS'), NULL, NULL, '1324268497690275841', 'application_type', 'application_type', 'string', NULL, '4', '0', NULL, NULL);
INSERT INTO "JEECGBOOT"."JIMU_REPORT_DB_FIELD" VALUES ('1324268497996460033', NULL, TO_DATE('2020-11-05 16:33:08', 'SYYYY-MM-DD HH24:MI:SS'), NULL, NULL, '1324268497690275841', 'qrcodeimg', 'qrcodeimg', 'string', NULL, '5', '0', NULL, NULL);
INSERT INTO "JEECGBOOT"."JIMU_REPORT_DB_FIELD" VALUES ('1324268498017431554', NULL, TO_DATE('2020-11-05 16:33:08', 'SYYYY-MM-DD HH24:MI:SS'), NULL, NULL, '1324268497690275841', 'create_by', 'create_by', 'string', NULL, '6', '0', NULL, NULL);
INSERT INTO "JEECGBOOT"."JIMU_REPORT_DB_FIELD" VALUES ('1324268498021625858', NULL, TO_DATE('2020-11-05 16:33:08', 'SYYYY-MM-DD HH24:MI:SS'), NULL, NULL, '1324268497690275841', 'create_time', 'create_time', 'string', NULL, '7', '0', NULL, NULL);
INSERT INTO "JEECGBOOT"."JIMU_REPORT_DB_FIELD" VALUES ('1324268498034208770', NULL, TO_DATE('2020-11-05 16:33:08', 'SYYYY-MM-DD HH24:MI:SS'), NULL, NULL, '1324268497690275841', 'weixin_number', 'weixin_number', 'string', NULL, '8', '0', NULL, NULL);
INSERT INTO "JEECGBOOT"."JIMU_REPORT_DB_FIELD" VALUES ('1324268498042597377', NULL, TO_DATE('2020-11-05 16:33:08', 'SYYYY-MM-DD HH24:MI:SS'), NULL, NULL, '1324268497690275841', 'weixin_appid', 'weixin_appid', 'string', NULL, '9', '0', NULL, NULL);
INSERT INTO "JEECGBOOT"."JIMU_REPORT_DB_FIELD" VALUES ('1324268498042597378', NULL, TO_DATE('2020-11-05 16:33:08', 'SYYYY-MM-DD HH24:MI:SS'), NULL, NULL, '1324268497690275841', 'weixin_appsecret', 'weixin_appsecret', 'string', NULL, '10', '0', NULL, NULL);
INSERT INTO "JEECGBOOT"."JIMU_REPORT_DB_FIELD" VALUES ('1324268498050985985', NULL, TO_DATE('2020-11-05 16:33:08', 'SYYYY-MM-DD HH24:MI:SS'), NULL, NULL, '1324268497690275841', 'account_type', 'account_type', 'string', NULL, '11', '0', NULL, NULL);
INSERT INTO "JEECGBOOT"."JIMU_REPORT_DB_FIELD" VALUES ('1324268498050985986', NULL, TO_DATE('2020-11-05 16:33:08', 'SYYYY-MM-DD HH24:MI:SS'), NULL, NULL, '1324268497690275841', 'auth_status', 'auth_status', 'string', NULL, '12', '0', NULL, NULL);
INSERT INTO "JEECGBOOT"."JIMU_REPORT_DB_FIELD" VALUES ('1324268498050985987', NULL, TO_DATE('2020-11-05 16:33:08', 'SYYYY-MM-DD HH24:MI:SS'), NULL, NULL, '1324268497690275841', 'access_token', 'access_token', 'string', NULL, '13', '0', NULL, NULL);
INSERT INTO "JEECGBOOT"."JIMU_REPORT_DB_FIELD" VALUES ('1324268498059374594', NULL, TO_DATE('2020-11-05 16:33:08', 'SYYYY-MM-DD HH24:MI:SS'), NULL, NULL, '1324268497690275841', 'token_gettime', 'token_gettime', 'string', NULL, '14', '0', NULL, NULL);
INSERT INTO "JEECGBOOT"."JIMU_REPORT_DB_FIELD" VALUES ('1324268498059374595', NULL, TO_DATE('2020-11-05 16:33:08', 'SYYYY-MM-DD HH24:MI:SS'), NULL, NULL, '1324268497690275841', 'apiticket', 'apiticket', 'string', NULL, '15', '0', NULL, NULL);
INSERT INTO "JEECGBOOT"."JIMU_REPORT_DB_FIELD" VALUES ('1324268498059374596', NULL, TO_DATE('2020-11-05 16:33:08', 'SYYYY-MM-DD HH24:MI:SS'), NULL, NULL, '1324268497690275841', 'apiticket_gettime', 'apiticket_gettime', 'string', NULL, '16', '0', NULL, NULL);
INSERT INTO "JEECGBOOT"."JIMU_REPORT_DB_FIELD" VALUES ('1324268498071957505', NULL, TO_DATE('2020-11-05 16:33:08', 'SYYYY-MM-DD HH24:MI:SS'), NULL, NULL, '1324268497690275841', 'jsapiticket', 'jsapiticket', 'string', NULL, '17', '0', NULL, NULL);
INSERT INTO "JEECGBOOT"."JIMU_REPORT_DB_FIELD" VALUES ('1324268498080346113', NULL, TO_DATE('2020-11-05 16:33:08', 'SYYYY-MM-DD HH24:MI:SS'), NULL, NULL, '1324268497690275841', 'jsapiticket_gettime', 'jsapiticket_gettime', 'string', NULL, '18', '0', NULL, NULL);
INSERT INTO "JEECGBOOT"."JIMU_REPORT_DB_FIELD" VALUES ('1324268498088734721', NULL, TO_DATE('2020-11-05 16:33:08', 'SYYYY-MM-DD HH24:MI:SS'), NULL, NULL, '1324268497690275841', 'auth_type', 'auth_type', 'string', NULL, '19', '0', NULL, NULL);
INSERT INTO "JEECGBOOT"."JIMU_REPORT_DB_FIELD" VALUES ('1324268498097123330', NULL, TO_DATE('2020-11-05 16:33:08', 'SYYYY-MM-DD HH24:MI:SS'), NULL, NULL, '1324268497690275841', 'business_info', 'business_info', 'string', NULL, '20', '0', NULL, NULL);
INSERT INTO "JEECGBOOT"."JIMU_REPORT_DB_FIELD" VALUES ('1324268498097123331', NULL, TO_DATE('2020-11-05 16:33:08', 'SYYYY-MM-DD HH24:MI:SS'), NULL, NULL, '1324268497690275841', 'func_info', 'func_info', 'string', NULL, '21', '0', NULL, NULL);
INSERT INTO "JEECGBOOT"."JIMU_REPORT_DB_FIELD" VALUES ('1324268498105511938', NULL, TO_DATE('2020-11-05 16:33:08', 'SYYYY-MM-DD HH24:MI:SS'), NULL, NULL, '1324268497690275841', 'nick_name', 'nick_name', 'string', NULL, '22', '0', NULL, NULL);
INSERT INTO "JEECGBOOT"."JIMU_REPORT_DB_FIELD" VALUES ('1324268498113900546', NULL, TO_DATE('2020-11-05 16:33:08', 'SYYYY-MM-DD HH24:MI:SS'), NULL, NULL, '1324268497690275841', 'headimgurl', 'headimgurl', 'string', NULL, '23', '0', NULL, NULL);
INSERT INTO "JEECGBOOT"."JIMU_REPORT_DB_FIELD" VALUES ('1324268498122289154', NULL, TO_DATE('2020-11-05 16:33:08', 'SYYYY-MM-DD HH24:MI:SS'), NULL, NULL, '1324268497690275841', 'authorization_info', 'authorization_info', 'string', NULL, '24', '0', NULL, NULL);
INSERT INTO "JEECGBOOT"."JIMU_REPORT_DB_FIELD" VALUES ('1324268498130677761', NULL, TO_DATE('2020-11-05 16:33:08', 'SYYYY-MM-DD HH24:MI:SS'), NULL, NULL, '1324268497690275841', 'authorizer_refresh_token', 'authorizer_refresh_token', 'string', NULL, '25', '0', NULL, NULL);
INSERT INTO "JEECGBOOT"."JIMU_REPORT_DB_FIELD" VALUES ('1324268498134872066', NULL, TO_DATE('2020-11-05 16:33:08', 'SYYYY-MM-DD HH24:MI:SS'), NULL, NULL, '1324268497690275841', 'token', 'token', 'string', NULL, '26', '0', NULL, NULL);
INSERT INTO "JEECGBOOT"."JIMU_REPORT_DB_FIELD" VALUES ('1324268498134872067', NULL, TO_DATE('2020-11-05 16:33:08', 'SYYYY-MM-DD HH24:MI:SS'), NULL, NULL, '1324268497690275841', 'authorization_status', 'authorization_status', 'string', NULL, '27', '0', NULL, NULL);
INSERT INTO "JEECGBOOT"."JIMU_REPORT_DB_FIELD" VALUES ('1324279360056725506', NULL, TO_DATE('2020-10-29 18:06:24', 'SYYYY-MM-DD HH24:MI:SS'), NULL, NULL, '1324279359998005250', 'id', 'id', 'string', NULL, '1', '0', NULL, NULL);
INSERT INTO "JEECGBOOT"."JIMU_REPORT_DB_FIELD" VALUES ('1324279360077697026', NULL, TO_DATE('2020-10-29 18:06:24', 'SYYYY-MM-DD HH24:MI:SS'), NULL, NULL, '1324279359998005250', 'bianma', 'bianma', 'string', NULL, '2', '0', NULL, NULL);
INSERT INTO "JEECGBOOT"."JIMU_REPORT_DB_FIELD" VALUES ('1324279360098668545', NULL, TO_DATE('2020-10-29 18:06:24', 'SYYYY-MM-DD HH24:MI:SS'), NULL, NULL, '1324279359998005250', 'cname', 'cname', 'string', NULL, '3', '0', NULL, NULL);
INSERT INTO "JEECGBOOT"."JIMU_REPORT_DB_FIELD" VALUES ('1324279360115445762', NULL, TO_DATE('2020-10-29 18:06:24', 'SYYYY-MM-DD HH24:MI:SS'), NULL, NULL, '1324279359998005250', 'ctime', 'ctime', 'string', NULL, '4', '0', NULL, NULL);
INSERT INTO "JEECGBOOT"."JIMU_REPORT_DB_FIELD" VALUES ('1324279360128028673', NULL, TO_DATE('2020-10-29 18:06:24', 'SYYYY-MM-DD HH24:MI:SS'), NULL, NULL, '1324279359998005250', 'cnum', 'cnum', 'string', NULL, '5', '0', NULL, NULL);
INSERT INTO "JEECGBOOT"."JIMU_REPORT_DB_FIELD" VALUES ('1324279360136417282', NULL, TO_DATE('2020-10-29 18:06:24', 'SYYYY-MM-DD HH24:MI:SS'), NULL, NULL, '1324279359998005250', 'cprice', 'cprice', 'string', NULL, '6', '0', NULL, NULL);
INSERT INTO "JEECGBOOT"."JIMU_REPORT_DB_FIELD" VALUES ('1324279360144805889', NULL, TO_DATE('2020-10-29 18:06:24', 'SYYYY-MM-DD HH24:MI:SS'), NULL, NULL, '1324279359998005250', 'yprice', 'yprice', 'string', NULL, '7', '0', NULL, NULL);
INSERT INTO "JEECGBOOT"."JIMU_REPORT_DB_FIELD" VALUES ('1324279360165777409', NULL, TO_DATE('2020-10-29 18:06:24', 'SYYYY-MM-DD HH24:MI:SS'), NULL, NULL, '1324279359998005250', 'ctotal', 'ctotal', 'string', NULL, '8', '0', NULL, NULL);
INSERT INTO "JEECGBOOT"."JIMU_REPORT_DB_FIELD" VALUES ('1324279360350326785', NULL, TO_DATE('2020-08-03 16:06:49', 'SYYYY-MM-DD HH24:MI:SS'), NULL, NULL, '1324279360333549569', 'ttotal', 'ttotal', 'string', NULL, NULL, '0', NULL, NULL);
INSERT INTO "JEECGBOOT"."JIMU_REPORT_DB_FIELD" VALUES ('1324279456592826370', NULL, TO_DATE('2020-07-17 16:16:52', 'SYYYY-MM-DD HH24:MI:SS'), NULL, NULL, '1324279456571854849', 'ktime', 'ktime', NULL, NULL, NULL, '0', NULL, NULL);
INSERT INTO "JEECGBOOT"."JIMU_REPORT_DB_FIELD" VALUES ('1324279456605409281', NULL, TO_DATE('2020-07-17 16:16:52', 'SYYYY-MM-DD HH24:MI:SS'), NULL, NULL, '1324279456571854849', 'danwei', 'danwei', NULL, NULL, NULL, '0', NULL, NULL);
INSERT INTO "JEECGBOOT"."JIMU_REPORT_DB_FIELD" VALUES ('1324279456617992193', NULL, TO_DATE('2020-07-17 16:16:52', 'SYYYY-MM-DD HH24:MI:SS'), NULL, NULL, '1324279456571854849', 'wtime', 'wtime', NULL, NULL, NULL, '0', NULL, NULL);
INSERT INTO "JEECGBOOT"."JIMU_REPORT_DB_FIELD" VALUES ('1324279456630575106', NULL, TO_DATE('2020-07-17 16:16:52', 'SYYYY-MM-DD HH24:MI:SS'), NULL, NULL, '1324279456571854849', 'yusuan', 'yusuan', NULL, NULL, NULL, '0', NULL, NULL);
INSERT INTO "JEECGBOOT"."JIMU_REPORT_DB_FIELD" VALUES ('1324279456638963714', NULL, TO_DATE('2020-07-17 16:16:52', 'SYYYY-MM-DD HH24:MI:SS'), NULL, NULL, '1324279456571854849', 'dshenhe', 'dshenhe', NULL, NULL, NULL, '0', NULL, NULL);
INSERT INTO "JEECGBOOT"."JIMU_REPORT_DB_FIELD" VALUES ('1324279456651546625', NULL, TO_DATE('2020-07-17 16:16:52', 'SYYYY-MM-DD HH24:MI:SS'), NULL, NULL, '1324279456571854849', 'zhuren', 'zhuren', NULL, NULL, NULL, '0', NULL, NULL);
INSERT INTO "JEECGBOOT"."JIMU_REPORT_DB_FIELD" VALUES ('1324279456672518145', NULL, TO_DATE('2020-07-17 16:16:52', 'SYYYY-MM-DD HH24:MI:SS'), NULL, NULL, '1324279456571854849', 'neirong', 'neirong', NULL, NULL, NULL, '0', NULL, NULL);
INSERT INTO "JEECGBOOT"."JIMU_REPORT_DB_FIELD" VALUES ('1324279456680906754', NULL, TO_DATE('2020-07-17 16:16:52', 'SYYYY-MM-DD HH24:MI:SS'), NULL, NULL, '1324279456571854849', 'yijian', 'yijian', NULL, NULL, NULL, '0', NULL, NULL);
INSERT INTO "JEECGBOOT"."JIMU_REPORT_DB_FIELD" VALUES ('1324279456693489666', NULL, TO_DATE('2020-07-17 16:16:52', 'SYYYY-MM-DD HH24:MI:SS'), NULL, NULL, '1324279456571854849', 'time1', 'time1', NULL, NULL, NULL, '0', NULL, NULL);
INSERT INTO "JEECGBOOT"."JIMU_REPORT_DB_FIELD" VALUES ('1324279456693489667', NULL, TO_DATE('2020-07-17 16:16:52', 'SYYYY-MM-DD HH24:MI:SS'), NULL, NULL, '1324279456571854849', 'time2', 'time2', NULL, NULL, NULL, '0', NULL, NULL);
INSERT INTO "JEECGBOOT"."JIMU_REPORT_DB_FIELD" VALUES ('1324279456706072577', NULL, TO_DATE('2020-07-17 16:16:52', 'SYYYY-MM-DD HH24:MI:SS'), NULL, NULL, '1324279456571854849', 'time3', 'time3', NULL, NULL, NULL, '0', NULL, NULL);
INSERT INTO "JEECGBOOT"."JIMU_REPORT_DB_FIELD" VALUES ('1324279456714461185', NULL, TO_DATE('2020-07-17 16:16:52', 'SYYYY-MM-DD HH24:MI:SS'), NULL, NULL, '1324279456571854849', 'time4', 'time4', NULL, NULL, NULL, '0', NULL, NULL);
INSERT INTO "JEECGBOOT"."JIMU_REPORT_DB_FIELD" VALUES ('1324279456735432705', NULL, TO_DATE('2020-07-17 16:16:52', 'SYYYY-MM-DD HH24:MI:SS'), NULL, NULL, '1324279456571854849', 'pingjia', 'pingjia', NULL, NULL, NULL, '0', NULL, NULL);
INSERT INTO "JEECGBOOT"."JIMU_REPORT_DB_FIELD" VALUES ('1324279456748015618', NULL, TO_DATE('2020-07-17 16:16:52', 'SYYYY-MM-DD HH24:MI:SS'), NULL, NULL, '1324279456571854849', 'name', 'name', NULL, NULL, NULL, '0', NULL, NULL);
INSERT INTO "JEECGBOOT"."JIMU_REPORT_DB_FIELD" VALUES ('1324279456756404225', NULL, TO_DATE('2020-07-17 16:16:52', 'SYYYY-MM-DD HH24:MI:SS'), NULL, NULL, '1324279456571854849', 'bianhao', 'bianhao', NULL, NULL, NULL, '0', NULL, NULL);
INSERT INTO "JEECGBOOT"."JIMU_REPORT_DB_FIELD" VALUES ('1324279456764792834', NULL, TO_DATE('2020-07-17 16:16:52', 'SYYYY-MM-DD HH24:MI:SS'), NULL, NULL, '1324279456571854849', 'zongjie', 'zongjie', NULL, NULL, NULL, '0', NULL, NULL);
INSERT INTO "JEECGBOOT"."JIMU_REPORT_DB_FIELD" VALUES ('1324279456764792835', NULL, TO_DATE('2020-07-17 16:16:52', 'SYYYY-MM-DD HH24:MI:SS'), NULL, NULL, '1324279456571854849', 'nengli', 'nengli', NULL, NULL, NULL, '0', NULL, NULL);
INSERT INTO "JEECGBOOT"."JIMU_REPORT_DB_FIELD" VALUES ('1324279456777375745', NULL, TO_DATE('2020-07-17 16:16:52', 'SYYYY-MM-DD HH24:MI:SS'), NULL, NULL, '1324279456571854849', 'time', 'time', NULL, NULL, NULL, '0', NULL, NULL);
INSERT INTO "JEECGBOOT"."JIMU_REPORT_DB_FIELD" VALUES ('1324283831843295234', NULL, TO_DATE('2020-11-05 17:34:04', 'SYYYY-MM-DD HH24:MI:SS'), NULL, NULL, '1225317914627805185', 'id', 'id', 'string', NULL, '1', '0', NULL, NULL);
INSERT INTO "JEECGBOOT"."JIMU_REPORT_DB_FIELD" VALUES ('1324283831851683842', NULL, TO_DATE('2020-11-05 17:34:04', 'SYYYY-MM-DD HH24:MI:SS'), NULL, NULL, '1225317914627805185', 'apply_no', 'apply_no', 'string', NULL, '2', '0', NULL, NULL);
INSERT INTO "JEECGBOOT"."JIMU_REPORT_DB_FIELD" VALUES ('1324283831851683843', NULL, TO_DATE('2020-11-05 17:34:04', 'SYYYY-MM-DD HH24:MI:SS'), NULL, NULL, '1225317914627805185', 'apply_user_name', 'apply_user_name', 'string', NULL, '3', '0', NULL, NULL);
INSERT INTO "JEECGBOOT"."JIMU_REPORT_DB_FIELD" VALUES ('1324283831860072449', NULL, TO_DATE('2020-11-05 17:34:04', 'SYYYY-MM-DD HH24:MI:SS'), NULL, NULL, '1225317914627805185', 'depart_id', 'depart_id', 'string', NULL, '4', '0', NULL, NULL);
INSERT INTO "JEECGBOOT"."JIMU_REPORT_DB_FIELD" VALUES ('1324283831860072450', NULL, TO_DATE('2020-11-05 17:34:04', 'SYYYY-MM-DD HH24:MI:SS'), NULL, NULL, '1225317914627805185', 'depart_name', 'depart_name', 'string', NULL, '5', '0', NULL, NULL);
INSERT INTO "JEECGBOOT"."JIMU_REPORT_DB_FIELD" VALUES ('1324283831860072451', NULL, TO_DATE('2020-11-05 17:34:04', 'SYYYY-MM-DD HH24:MI:SS'), NULL, NULL, '1225317914627805185', 'project_id', 'project_id', 'string', NULL, '6', '0', NULL, NULL);
INSERT INTO "JEECGBOOT"."JIMU_REPORT_DB_FIELD" VALUES ('1324283831860072452', NULL, TO_DATE('2020-11-05 17:34:04', 'SYYYY-MM-DD HH24:MI:SS'), NULL, NULL, '1225317914627805185', 'project_name', 'project_name', 'string', NULL, '7', '0', NULL, NULL);
INSERT INTO "JEECGBOOT"."JIMU_REPORT_DB_FIELD" VALUES ('1324283831860072453', NULL, TO_DATE('2020-11-05 17:34:04', 'SYYYY-MM-DD HH24:MI:SS'), NULL, NULL, '1225317914627805185', 'destination', 'destination', 'string', NULL, '8', '0', NULL, NULL);
INSERT INTO "JEECGBOOT"."JIMU_REPORT_DB_FIELD" VALUES ('1324283831860072454', NULL, TO_DATE('2020-11-05 17:34:04', 'SYYYY-MM-DD HH24:MI:SS'), NULL, NULL, '1225317914627805185', 'departure_time', 'departure_time', 'string', NULL, '9', '0', NULL, NULL);
INSERT INTO "JEECGBOOT"."JIMU_REPORT_DB_FIELD" VALUES ('1324283831860072455', NULL, TO_DATE('2020-11-05 17:34:04', 'SYYYY-MM-DD HH24:MI:SS'), NULL, NULL, '1225317914627805185', 'planned_return_time', 'planned_return_time', 'string', NULL, '10', '0', NULL, NULL);
INSERT INTO "JEECGBOOT"."JIMU_REPORT_DB_FIELD" VALUES ('1324283831868461058', NULL, TO_DATE('2020-11-05 17:34:04', 'SYYYY-MM-DD HH24:MI:SS'), NULL, NULL, '1225317914627805185', 'actual_return_time', 'actual_return_time', 'string', NULL, '11', '0', NULL, NULL);
INSERT INTO "JEECGBOOT"."JIMU_REPORT_DB_FIELD" VALUES ('1324283831868461059', NULL, TO_DATE('2020-11-05 17:34:04', 'SYYYY-MM-DD HH24:MI:SS'), NULL, NULL, '1225317914627805185', 'day_num', 'day_num', 'string', NULL, '12', '0', NULL, NULL);
INSERT INTO "JEECGBOOT"."JIMU_REPORT_DB_FIELD" VALUES ('1324283831868461060', NULL, TO_DATE('2020-11-05 17:34:04', 'SYYYY-MM-DD HH24:MI:SS'), NULL, NULL, '1225317914627805185', 'travel_tool', 'travel_tool', 'string', NULL, '13', '0', NULL, NULL);
INSERT INTO "JEECGBOOT"."JIMU_REPORT_DB_FIELD" VALUES ('1324283831868461061', NULL, TO_DATE('2020-11-05 17:34:04', 'SYYYY-MM-DD HH24:MI:SS'), NULL, NULL, '1225317914627805185', 'loan_money', 'loan_money', 'string', NULL, '14', '0', NULL, NULL);
INSERT INTO "JEECGBOOT"."JIMU_REPORT_DB_FIELD" VALUES ('1324283831868461062', NULL, TO_DATE('2020-11-05 17:34:04', 'SYYYY-MM-DD HH24:MI:SS'), NULL, NULL, '1225317914627805185', 'travel_expenses_type', 'travel_expenses_type', 'string', NULL, '15', '0', NULL, NULL);
INSERT INTO "JEECGBOOT"."JIMU_REPORT_DB_FIELD" VALUES ('1324283831868461063', NULL, TO_DATE('2020-11-05 17:34:04', 'SYYYY-MM-DD HH24:MI:SS'), NULL, NULL, '1225317914627805185', 'reason', 'reason', 'string', NULL, '16', '0', NULL, NULL);
INSERT INTO "JEECGBOOT"."JIMU_REPORT_DB_FIELD" VALUES ('1324283831868461064', NULL, TO_DATE('2020-11-05 17:34:04', 'SYYYY-MM-DD HH24:MI:SS'), NULL, NULL, '1225317914627805185', 'depart_leader_id', 'depart_leader_id', 'string', NULL, '17', '0', NULL, NULL);
INSERT INTO "JEECGBOOT"."JIMU_REPORT_DB_FIELD" VALUES ('1324283831868461065', NULL, TO_DATE('2020-11-05 17:34:04', 'SYYYY-MM-DD HH24:MI:SS'), NULL, NULL, '1225317914627805185', 'depart_leader_audit', 'depart_leader_audit', 'string', NULL, '18', '0', NULL, NULL);
INSERT INTO "JEECGBOOT"."JIMU_REPORT_DB_FIELD" VALUES ('1324283831868461066', NULL, TO_DATE('2020-11-05 17:34:04', 'SYYYY-MM-DD HH24:MI:SS'), NULL, NULL, '1225317914627805185', 'finance_user_id', 'finance_user_id', 'string', NULL, '19', '0', NULL, NULL);
INSERT INTO "JEECGBOOT"."JIMU_REPORT_DB_FIELD" VALUES ('1324283831876849666', NULL, TO_DATE('2020-11-05 17:34:04', 'SYYYY-MM-DD HH24:MI:SS'), NULL, NULL, '1225317914627805185', 'finance_audit', 'finance_audit', 'string', NULL, '20', '0', NULL, NULL);
INSERT INTO "JEECGBOOT"."JIMU_REPORT_DB_FIELD" VALUES ('1324283831876849667', NULL, TO_DATE('2020-11-05 17:34:04', 'SYYYY-MM-DD HH24:MI:SS'), NULL, NULL, '1225317914627805185', 'cashier_id', 'cashier_id', 'string', NULL, '21', '0', NULL, NULL);
INSERT INTO "JEECGBOOT"."JIMU_REPORT_DB_FIELD" VALUES ('1324283831876849668', NULL, TO_DATE('2020-11-05 17:34:04', 'SYYYY-MM-DD HH24:MI:SS'), NULL, NULL, '1225317914627805185', 'cashier_loan_amount', 'cashier_loan_amount', 'string', NULL, '22', '0', NULL, NULL);
INSERT INTO "JEECGBOOT"."JIMU_REPORT_DB_FIELD" VALUES ('1324283831876849669', NULL, TO_DATE('2020-11-05 17:34:04', 'SYYYY-MM-DD HH24:MI:SS'), NULL, NULL, '1225317914627805185', 'manager_id', 'manager_id', 'string', NULL, '23', '0', NULL, NULL);
INSERT INTO "JEECGBOOT"."JIMU_REPORT_DB_FIELD" VALUES ('1324283831876849670', NULL, TO_DATE('2020-11-05 17:34:04', 'SYYYY-MM-DD HH24:MI:SS'), NULL, NULL, '1225317914627805185', 'manager_audit', 'manager_audit', 'string', NULL, '24', '0', NULL, NULL);
INSERT INTO "JEECGBOOT"."JIMU_REPORT_DB_FIELD" VALUES ('1324283831881043970', NULL, TO_DATE('2020-11-05 17:34:04', 'SYYYY-MM-DD HH24:MI:SS'), NULL, NULL, '1225317914627805185', 'cashier_loan_time', 'cashier_loan_time', 'string', NULL, '25', '0', NULL, NULL);
INSERT INTO "JEECGBOOT"."JIMU_REPORT_DB_FIELD" VALUES ('1324283831881043971', NULL, TO_DATE('2020-11-05 17:34:04', 'SYYYY-MM-DD HH24:MI:SS'), NULL, NULL, '1225317914627805185', 'depart_address', 'depart_address', 'string', NULL, '26', '0', NULL, NULL);
INSERT INTO "JEECGBOOT"."JIMU_REPORT_DB_FIELD" VALUES ('1324283831881043972', NULL, TO_DATE('2020-11-05 17:34:04', 'SYYYY-MM-DD HH24:MI:SS'), NULL, NULL, '1225317914627805185', 'bpm_status', 'bpm_status', 'string', NULL, '27', '0', NULL, NULL);
INSERT INTO "JEECGBOOT"."JIMU_REPORT_DB_FIELD" VALUES ('1324283831881043973', NULL, TO_DATE('2020-11-05 17:34:04', 'SYYYY-MM-DD HH24:MI:SS'), NULL, NULL, '1225317914627805185', 'create_by', 'create_by', 'string', NULL, '28', '0', NULL, NULL);
INSERT INTO "JEECGBOOT"."JIMU_REPORT_DB_FIELD" VALUES ('1324283831881043974', NULL, TO_DATE('2020-11-05 17:34:04', 'SYYYY-MM-DD HH24:MI:SS'), NULL, NULL, '1225317914627805185', 'create_time', 'create_time', 'string', NULL, '29', '0', NULL, NULL);
INSERT INTO "JEECGBOOT"."JIMU_REPORT_DB_FIELD" VALUES ('1324283831881043975', NULL, TO_DATE('2020-11-05 17:34:04', 'SYYYY-MM-DD HH24:MI:SS'), NULL, NULL, '1225317914627805185', 'update_by', 'update_by', 'string', NULL, '30', '0', NULL, NULL);
INSERT INTO "JEECGBOOT"."JIMU_REPORT_DB_FIELD" VALUES ('1324283831881043976', NULL, TO_DATE('2020-11-05 17:34:04', 'SYYYY-MM-DD HH24:MI:SS'), NULL, NULL, '1225317914627805185', 'update_time', 'update_time', 'string', NULL, '31', '0', NULL, NULL);
INSERT INTO "JEECGBOOT"."JIMU_REPORT_DB_FIELD" VALUES ('1324284543151116290', NULL, TO_DATE('2020-11-05 17:36:54', 'SYYYY-MM-DD HH24:MI:SS'), NULL, NULL, '1273525013525344258', 'id', 'id', 'string', NULL, '1', '0', NULL, NULL);
INSERT INTO "JEECGBOOT"."JIMU_REPORT_DB_FIELD" VALUES ('1324284543159504898', NULL, TO_DATE('2020-11-05 17:36:54', 'SYYYY-MM-DD HH24:MI:SS'), NULL, NULL, '1273525013525344258', 'hnum', 'hnum', 'string', NULL, '2', '0', NULL, NULL);
INSERT INTO "JEECGBOOT"."JIMU_REPORT_DB_FIELD" VALUES ('1324284543159504899', NULL, TO_DATE('2020-11-05 17:36:54', 'SYYYY-MM-DD HH24:MI:SS'), NULL, NULL, '1273525013525344258', 'hname', 'hname', 'string', NULL, '3', '0', NULL, NULL);
INSERT INTO "JEECGBOOT"."JIMU_REPORT_DB_FIELD" VALUES ('1324284543159504900', NULL, TO_DATE('2020-11-05 17:36:54', 'SYYYY-MM-DD HH24:MI:SS'), NULL, NULL, '1273525013525344258', 'danwei', 'danwei', 'string', NULL, '4', '0', NULL, NULL);
INSERT INTO "JEECGBOOT"."JIMU_REPORT_DB_FIELD" VALUES ('1324284543163699201', NULL, TO_DATE('2020-11-05 17:36:54', 'SYYYY-MM-DD HH24:MI:SS'), NULL, NULL, '1273525013525344258', 'num', 'num', 'string', NULL, '5', '0', NULL, NULL);
INSERT INTO "JEECGBOOT"."JIMU_REPORT_DB_FIELD" VALUES ('1324284543163699202', NULL, TO_DATE('2020-11-05 17:36:54', 'SYYYY-MM-DD HH24:MI:SS'), NULL, NULL, '1273525013525344258', 'danjia', 'danjia', 'string', NULL, '6', '0', NULL, NULL);
INSERT INTO "JEECGBOOT"."JIMU_REPORT_DB_FIELD" VALUES ('1324284543163699203', NULL, TO_DATE('2020-11-05 17:36:54', 'SYYYY-MM-DD HH24:MI:SS'), NULL, NULL, '1273525013525344258', 'fanli', 'fanli', 'string', NULL, '7', '0', NULL, NULL);
INSERT INTO "JEECGBOOT"."JIMU_REPORT_DB_FIELD" VALUES ('1324284543167893506', NULL, TO_DATE('2020-11-05 17:36:54', 'SYYYY-MM-DD HH24:MI:SS'), NULL, NULL, '1273525013525344258', 'beizhu', 'beizhu', 'string', NULL, '8', '0', NULL, NULL);
INSERT INTO "JEECGBOOT"."JIMU_REPORT_DB_FIELD" VALUES ('1324284890212995073', NULL, TO_DATE('2020-11-05 17:38:17', 'SYYYY-MM-DD HH24:MI:SS'), NULL, NULL, '1290104038414721025', 'id', 'id', 'string', NULL, '1', '0', NULL, NULL);
INSERT INTO "JEECGBOOT"."JIMU_REPORT_DB_FIELD" VALUES ('1324284890212995074', NULL, TO_DATE('2020-11-05 17:38:17', 'SYYYY-MM-DD HH24:MI:SS'), NULL, NULL, '1290104038414721025', 'gname', 'gname', 'string', NULL, '2', '0', NULL, NULL);
INSERT INTO "JEECGBOOT"."JIMU_REPORT_DB_FIELD" VALUES ('1324284890212995075', NULL, TO_DATE('2020-11-05 17:38:17', 'SYYYY-MM-DD HH24:MI:SS'), NULL, NULL, '1290104038414721025', 'gdata', 'gdata', 'string', NULL, '3', '0', NULL, NULL);
INSERT INTO "JEECGBOOT"."JIMU_REPORT_DB_FIELD" VALUES ('1324284890221383682', NULL, TO_DATE('2020-11-05 17:38:17', 'SYYYY-MM-DD HH24:MI:SS'), NULL, NULL, '1290104038414721025', 'tdata', 'tdata', 'string', NULL, '4', '0', NULL, NULL);
INSERT INTO "JEECGBOOT"."JIMU_REPORT_DB_FIELD" VALUES ('1324284890221383683', NULL, TO_DATE('2020-11-05 17:38:17', 'SYYYY-MM-DD HH24:MI:SS'), NULL, NULL, '1290104038414721025', 'didian', 'didian', 'string', NULL, '5', '0', NULL, NULL);
INSERT INTO "JEECGBOOT"."JIMU_REPORT_DB_FIELD" VALUES ('1324284890221383684', NULL, TO_DATE('2020-11-05 17:38:17', 'SYYYY-MM-DD HH24:MI:SS'), NULL, NULL, '1290104038414721025', 'zhaiyao', 'zhaiyao', 'string', NULL, '6', '0', NULL, NULL);
INSERT INTO "JEECGBOOT"."JIMU_REPORT_DB_FIELD" VALUES ('1324284890221383685', NULL, TO_DATE('2020-11-05 17:38:17', 'SYYYY-MM-DD HH24:MI:SS'), NULL, NULL, '1290104038414721025', 'num', 'num', 'string', NULL, '7', '0', NULL, NULL);
INSERT INTO "JEECGBOOT"."JIMU_REPORT_DB_FIELD" VALUES ('1324285599377526786', NULL, TO_DATE('2020-11-05 17:41:06', 'SYYYY-MM-DD HH24:MI:SS'), NULL, NULL, '1284070508744257537', 'name', 'name', 'string', NULL, '1', '0', NULL, NULL);
INSERT INTO "JEECGBOOT"."JIMU_REPORT_DB_FIELD" VALUES ('1324285599377526787', NULL, TO_DATE('2020-11-05 17:41:06', 'SYYYY-MM-DD HH24:MI:SS'), NULL, NULL, '1284070508744257537', 'time', 'time', 'string', NULL, '2', '0', NULL, NULL);
INSERT INTO "JEECGBOOT"."JIMU_REPORT_DB_FIELD" VALUES ('1324285599377526788', NULL, TO_DATE('2020-11-05 17:41:06', 'SYYYY-MM-DD HH24:MI:SS'), NULL, NULL, '1284070508744257537', 'didian', 'didian', 'string', NULL, '3', '0', NULL, NULL);
INSERT INTO "JEECGBOOT"."JIMU_REPORT_DB_FIELD" VALUES ('1324285599385915393', NULL, TO_DATE('2020-11-05 17:41:06', 'SYYYY-MM-DD HH24:MI:SS'), NULL, NULL, '1284070508744257537', 'bianhao', 'bianhao', 'string', NULL, '4', '0', NULL, NULL);
INSERT INTO "JEECGBOOT"."JIMU_REPORT_DB_FIELD" VALUES ('1324285599385915394', NULL, TO_DATE('2020-11-05 17:41:06', 'SYYYY-MM-DD HH24:MI:SS'), NULL, NULL, '1284070508744257537', 'yname', 'yname', 'string', NULL, '5', '0', NULL, NULL);
INSERT INTO "JEECGBOOT"."JIMU_REPORT_DB_FIELD" VALUES ('1324285599385915395', NULL, TO_DATE('2020-11-05 17:41:06', 'SYYYY-MM-DD HH24:MI:SS'), NULL, NULL, '1284070508744257537', 'suoyou', 'suoyou', 'string', NULL, '6', '0', NULL, NULL);
INSERT INTO "JEECGBOOT"."JIMU_REPORT_DB_FIELD" VALUES ('1324285599385915396', NULL, TO_DATE('2020-11-05 17:41:06', 'SYYYY-MM-DD HH24:MI:SS'), NULL, NULL, '1284070508744257537', 'zhuzhi', 'zhuzhi', 'string', NULL, '7', '0', NULL, NULL);
INSERT INTO "JEECGBOOT"."JIMU_REPORT_DB_FIELD" VALUES ('1324285599385915397', NULL, TO_DATE('2020-11-05 17:41:06', 'SYYYY-MM-DD HH24:MI:SS'), NULL, NULL, '1284070508744257537', 'danyuan', 'danyuan', 'string', NULL, '8', '0', NULL, NULL);
INSERT INTO "JEECGBOOT"."JIMU_REPORT_DB_FIELD" VALUES ('1324285599385915398', NULL, TO_DATE('2020-11-05 17:41:06', 'SYYYY-MM-DD HH24:MI:SS'), NULL, NULL, '1284070508744257537', 'type', 'type', 'string', NULL, '9', '0', NULL, NULL);
INSERT INTO "JEECGBOOT"."JIMU_REPORT_DB_FIELD" VALUES ('1324285599385915399', NULL, TO_DATE('2020-11-05 17:41:06', 'SYYYY-MM-DD HH24:MI:SS'), NULL, NULL, '1284070508744257537', 'xtype', 'xtype', 'string', NULL, '10', '0', NULL, NULL);
INSERT INTO "JEECGBOOT"."JIMU_REPORT_DB_FIELD" VALUES ('1324285599385915400', NULL, TO_DATE('2020-11-05 17:41:06', 'SYYYY-MM-DD HH24:MI:SS'), NULL, NULL, '1284070508744257537', 'riqi', 'riqi', 'string', NULL, '11', '0', NULL, NULL);
INSERT INTO "JEECGBOOT"."JIMU_REPORT_DB_FIELD" VALUES ('1324285599385915401', NULL, TO_DATE('2020-11-05 17:41:06', 'SYYYY-MM-DD HH24:MI:SS'), NULL, NULL, '1284070508744257537', 'mianji', 'mianji', 'string', NULL, '12', '0', NULL, NULL);
INSERT INTO "JEECGBOOT"."JIMU_REPORT_DB_FIELD" VALUES ('1324285599385915402', NULL, TO_DATE('2020-11-05 17:41:06', 'SYYYY-MM-DD HH24:MI:SS'), NULL, NULL, '1284070508744257537', 'chanquan', 'chanquan', 'string', NULL, '13', '0', NULL, NULL);
INSERT INTO "JEECGBOOT"."JIMU_REPORT_DB_FIELD" VALUES ('1324285599385915403', NULL, TO_DATE('2020-11-05 17:41:06', 'SYYYY-MM-DD HH24:MI:SS'), NULL, NULL, '1284070508744257537', 'beizhu', 'beizhu', 'string', NULL, '14', '0', NULL, NULL);
INSERT INTO "JEECGBOOT"."JIMU_REPORT_DB_FIELD" VALUES ('1324285599385915404', NULL, TO_DATE('2020-11-05 17:41:06', 'SYYYY-MM-DD HH24:MI:SS'), NULL, NULL, '1284070508744257537', 'fujian', 'fujian', 'string', NULL, '15', '0', NULL, NULL);
INSERT INTO "JEECGBOOT"."JIMU_REPORT_DB_FIELD" VALUES ('1329325550439874561', NULL, TO_DATE('2020-11-19 15:28:04', 'SYYYY-MM-DD HH24:MI:SS'), NULL, NULL, '1329325550314045441', 'id', 'id', 'String', NULL, '1', '0', NULL, NULL);
INSERT INTO "JEECGBOOT"."JIMU_REPORT_DB_FIELD" VALUES ('1329325550452457473', NULL, TO_DATE('2020-11-19 15:28:04', 'SYYYY-MM-DD HH24:MI:SS'), NULL, NULL, '1329325550314045441', 'realname', '真名', 'String', NULL, '3', '0', NULL, NULL);
INSERT INTO "JEECGBOOT"."JIMU_REPORT_DB_FIELD" VALUES ('1329325550452457474', NULL, TO_DATE('2020-11-19 15:28:04', 'SYYYY-MM-DD HH24:MI:SS'), NULL, NULL, '1329325550314045441', 'birthday', '性别', 'String', NULL, '7', '0', NULL, NULL);
INSERT INTO "JEECGBOOT"."JIMU_REPORT_DB_FIELD" VALUES ('1329325550452457475', NULL, TO_DATE('2020-11-19 15:28:04', 'SYYYY-MM-DD HH24:MI:SS'), NULL, NULL, '1329325550314045441', 'sex', 'sex', 'String', NULL, '8', '1', NULL, 'sex');
INSERT INTO "JEECGBOOT"."JIMU_REPORT_DB_FIELD" VALUES ('1329325550452457476', NULL, TO_DATE('2020-11-19 15:28:04', 'SYYYY-MM-DD HH24:MI:SS'), NULL, NULL, '1329325550314045441', 'email', 'email', 'String', NULL, '9', '0', NULL, NULL);
INSERT INTO "JEECGBOOT"."JIMU_REPORT_DB_FIELD" VALUES ('1329325550460846081', NULL, TO_DATE('2020-11-19 15:28:04', 'SYYYY-MM-DD HH24:MI:SS'), NULL, NULL, '1329325550314045441', 'phone', 'phone', 'String', NULL, '10', '0', NULL, NULL);
INSERT INTO "JEECGBOOT"."JIMU_REPORT_DB_FIELD" VALUES ('1329325550460846082', NULL, TO_DATE('2020-11-19 15:28:04', 'SYYYY-MM-DD HH24:MI:SS'), NULL, NULL, '1329325550314045441', 'post', 'post', 'String', NULL, '18', '0', NULL, NULL);
INSERT INTO "JEECGBOOT"."JIMU_REPORT_DB_FIELD" VALUES ('1329325550469234690', NULL, TO_DATE('2020-11-19 15:28:04', 'SYYYY-MM-DD HH24:MI:SS'), NULL, NULL, '1329325550314045441', 'telephone', 'telephone', 'String', NULL, '19', '0', NULL, NULL);
INSERT INTO "JEECGBOOT"."JIMU_REPORT_DB_FIELD" VALUES ('1329327316107640834', NULL, TO_DATE('2020-11-19 15:35:05', 'SYYYY-MM-DD HH24:MI:SS'), NULL, NULL, '1329327316048920577', 'count(1)', '人数', 'String', NULL, '1', '0', NULL, NULL);
INSERT INTO "JEECGBOOT"."JIMU_REPORT_DB_FIELD" VALUES ('1329327316120223746', NULL, TO_DATE('2020-11-19 15:35:05', 'SYYYY-MM-DD HH24:MI:SS'), NULL, NULL, '1329327316048920577', 'sex', '性别', 'String', NULL, '2', '0', NULL, NULL);

-- ----------------------------
-- Table structure for JIMU_REPORT_DB_PARAM
-- ----------------------------
CREATE TABLE "JEECGBOOT"."JIMU_REPORT_DB_PARAM" (
  "ID" NVARCHAR2(36) NOT NULL ,
  "JIMU_REPORT_HEAD_ID" NVARCHAR2(36) NOT NULL ,
  "PARAM_NAME" NVARCHAR2(32) NOT NULL ,
  "PARAM_TXT" NVARCHAR2(32) ,
  "PARAM_VALUE" NVARCHAR2(32) ,
  "ORDER_NUM" NUMBER(11) ,
  "CREATE_BY" NVARCHAR2(50) ,
  "CREATE_TIME" DATE ,
  "UPDATE_BY" NVARCHAR2(50) ,
  "UPDATE_TIME" DATE 
)
TABLESPACE "USERS"
LOGGING
NOCOMPRESS
PCTFREE 10
INITRANS 1
STORAGE (
  INITIAL 65536 
  NEXT 1048576 
  MINEXTENTS 1
  MAXEXTENTS 2147483645
  BUFFER_POOL DEFAULT
)
PARALLEL 1
NOCACHE
DISABLE ROW MOVEMENT
;
COMMENT ON COLUMN "JEECGBOOT"."JIMU_REPORT_DB_PARAM"."JIMU_REPORT_HEAD_ID" IS '动态报表ID';
COMMENT ON COLUMN "JEECGBOOT"."JIMU_REPORT_DB_PARAM"."PARAM_NAME" IS '参数字段';
COMMENT ON COLUMN "JEECGBOOT"."JIMU_REPORT_DB_PARAM"."PARAM_TXT" IS '参数文本';
COMMENT ON COLUMN "JEECGBOOT"."JIMU_REPORT_DB_PARAM"."PARAM_VALUE" IS '参数默认值';
COMMENT ON COLUMN "JEECGBOOT"."JIMU_REPORT_DB_PARAM"."ORDER_NUM" IS '排序';
COMMENT ON COLUMN "JEECGBOOT"."JIMU_REPORT_DB_PARAM"."CREATE_BY" IS '创建人登录名称';
COMMENT ON COLUMN "JEECGBOOT"."JIMU_REPORT_DB_PARAM"."CREATE_TIME" IS '创建日期';
COMMENT ON COLUMN "JEECGBOOT"."JIMU_REPORT_DB_PARAM"."UPDATE_BY" IS '更新人登录名称';
COMMENT ON COLUMN "JEECGBOOT"."JIMU_REPORT_DB_PARAM"."UPDATE_TIME" IS '更新日期';

-- ----------------------------
-- Records of JIMU_REPORT_DB_PARAM
-- ----------------------------
INSERT INTO "JEECGBOOT"."JIMU_REPORT_DB_PARAM" VALUES ('078d99565feef91904c84b42b43f5174', '1273495682564534273', 'id', 'id', '1', '1', NULL, TO_DATE('2020-08-03 09:55:26', 'SYYYY-MM-DD HH24:MI:SS'), NULL, NULL);
INSERT INTO "JEECGBOOT"."JIMU_REPORT_DB_PARAM" VALUES ('1324279360203526146', '1324279359998005250', 'pageSize', 'pageSize', '10', '2', NULL, TO_DATE('2020-08-03 15:19:54', 'SYYYY-MM-DD HH24:MI:SS'), NULL, NULL);
INSERT INTO "JEECGBOOT"."JIMU_REPORT_DB_PARAM" VALUES ('1324279360220303361', '1324279359998005250', 'pageNo', 'pageNo', '1', '1', NULL, TO_DATE('2020-08-03 15:19:54', 'SYYYY-MM-DD HH24:MI:SS'), NULL, NULL);
INSERT INTO "JEECGBOOT"."JIMU_REPORT_DB_PARAM" VALUES ('143f8c164072ddbdeafec5c5b1466827', '1272858455908073473', 'id', 'id', '1', '1', NULL, TO_DATE('2020-07-21 15:31:51', 'SYYYY-MM-DD HH24:MI:SS'), NULL, NULL);
INSERT INTO "JEECGBOOT"."JIMU_REPORT_DB_PARAM" VALUES ('173c869cc45b683a9cfe25826110cead', '1272834687525482497', 'id', 'id', '1', '1', NULL, TO_DATE('2020-08-03 09:57:08', 'SYYYY-MM-DD HH24:MI:SS'), NULL, NULL);
INSERT INTO "JEECGBOOT"."JIMU_REPORT_DB_PARAM" VALUES ('1805eb351a966dc3c039b5239b6faa49', '1291310198925840385', 'sex', 'sex', '男', '2', NULL, TO_DATE('2020-06-08 15:21:09', 'SYYYY-MM-DD HH24:MI:SS'), NULL, NULL);
INSERT INTO "JEECGBOOT"."JIMU_REPORT_DB_PARAM" VALUES ('256eb2f8582ce4d74559b1fc1e2917ca', '1291310198925840385', 'id', 'id', '111', '1', NULL, TO_DATE('2020-06-08 15:21:09', 'SYYYY-MM-DD HH24:MI:SS'), NULL, NULL);
INSERT INTO "JEECGBOOT"."JIMU_REPORT_DB_PARAM" VALUES ('3a9efc51a6b6723d5a0ddf109aacb2b5', '1288038655293661186', 'pageNo', 'pageNo', '1', '1', NULL, TO_DATE('2020-07-30 17:26:29', 'SYYYY-MM-DD HH24:MI:SS'), NULL, NULL);
INSERT INTO "JEECGBOOT"."JIMU_REPORT_DB_PARAM" VALUES ('3ced36c7a2cce40c667cc485bf59cd11', '1291217511962902530', 'pageSize', 'pageSize', '10', '2', NULL, TO_DATE('2020-08-03 15:19:54', 'SYYYY-MM-DD HH24:MI:SS'), NULL, NULL);
INSERT INTO "JEECGBOOT"."JIMU_REPORT_DB_PARAM" VALUES ('49bd3f212cd6c406c8584e6bb0d9cf93', '1291549569390243841', 'pageSize', 'pageSize', '10', '2', NULL, TO_DATE('2020-07-30 17:26:29', 'SYYYY-MM-DD HH24:MI:SS'), NULL, NULL);
INSERT INTO "JEECGBOOT"."JIMU_REPORT_DB_PARAM" VALUES ('57165a6fe5f2b700d4ef19518de4defd', '1290104038414721025', 'id', 'id', '1', '1', NULL, TO_DATE('2020-08-03 09:55:46', 'SYYYY-MM-DD HH24:MI:SS'), NULL, NULL);
INSERT INTO "JEECGBOOT"."JIMU_REPORT_DB_PARAM" VALUES ('7569e95c1fa73d5438aceb19c1b85ef0', '1288038655293661186', 'pageSize', 'pageSize', '10', '2', NULL, TO_DATE('2020-07-30 17:26:29', 'SYYYY-MM-DD HH24:MI:SS'), NULL, NULL);
INSERT INTO "JEECGBOOT"."JIMU_REPORT_DB_PARAM" VALUES ('7d7765754aadaddab91bf1257447ae73', '1291549569390243841', 'pageNo', 'pageNo', '1', '1', NULL, TO_DATE('2020-07-30 17:26:29', 'SYYYY-MM-DD HH24:MI:SS'), NULL, NULL);
INSERT INTO "JEECGBOOT"."JIMU_REPORT_DB_PARAM" VALUES ('90b22a058cc331146b548bc93f09b5cd', '1289140698221678593', 'pageSize', 'pageSize', '10', '2', NULL, TO_DATE('2020-08-03 15:19:54', 'SYYYY-MM-DD HH24:MI:SS'), NULL, NULL);
INSERT INTO "JEECGBOOT"."JIMU_REPORT_DB_PARAM" VALUES ('a803707f3383dd9f4685fadc7efa07f4', '1224643501392728065', 'sex', 'sex', '男', '2', NULL, TO_DATE('2020-06-08 15:21:09', 'SYYYY-MM-DD HH24:MI:SS'), NULL, NULL);
INSERT INTO "JEECGBOOT"."JIMU_REPORT_DB_PARAM" VALUES ('b7c34e8a3c2804715825af4bdbcf857a', '1224643501392728065', 'id', 'id', '111', '1', NULL, TO_DATE('2020-06-08 15:21:09', 'SYYYY-MM-DD HH24:MI:SS'), NULL, NULL);
INSERT INTO "JEECGBOOT"."JIMU_REPORT_DB_PARAM" VALUES ('d8010a4ffbe567e6117e7f59641aeb7c', '1289140698221678593', 'pageNo', 'pageNo', '1', '1', NULL, TO_DATE('2020-08-03 15:19:54', 'SYYYY-MM-DD HH24:MI:SS'), NULL, NULL);
INSERT INTO "JEECGBOOT"."JIMU_REPORT_DB_PARAM" VALUES ('d9d94d6b09dd074f39af96d7a4696f9a', '1291217511962902530', 'pageNo', 'pageNo', '1', '1', NULL, TO_DATE('2020-08-03 15:19:54', 'SYYYY-MM-DD HH24:MI:SS'), NULL, NULL);

-- ----------------------------
-- Table structure for JIMU_REPORT_MAP
-- ----------------------------
CREATE TABLE "JEECGBOOT"."JIMU_REPORT_MAP" (
  "ID" NVARCHAR2(64) NOT NULL ,
  "LABEL" NVARCHAR2(125) ,
  "NAME" NVARCHAR2(125) ,
  "DATA" NCLOB ,
  "CREATE_BY" NVARCHAR2(32) ,
  "CREATE_TIME" DATE ,
  "UPDATE_BY" NVARCHAR2(32) ,
  "UPDATE_TIME" DATE ,
  "DEL_FLAG" NVARCHAR2(1) 
)
TABLESPACE "USERS"
LOGGING
NOCOMPRESS
PCTFREE 10
INITRANS 1
STORAGE (
  BUFFER_POOL DEFAULT
)
PARALLEL 1
NOCACHE
DISABLE ROW MOVEMENT
;
COMMENT ON COLUMN "JEECGBOOT"."JIMU_REPORT_MAP"."ID" IS '主键';
COMMENT ON COLUMN "JEECGBOOT"."JIMU_REPORT_MAP"."LABEL" IS '地图名称';
COMMENT ON COLUMN "JEECGBOOT"."JIMU_REPORT_MAP"."NAME" IS '地图编码';
COMMENT ON COLUMN "JEECGBOOT"."JIMU_REPORT_MAP"."DATA" IS '地图数据';
COMMENT ON COLUMN "JEECGBOOT"."JIMU_REPORT_MAP"."CREATE_BY" IS '创建人';
COMMENT ON COLUMN "JEECGBOOT"."JIMU_REPORT_MAP"."CREATE_TIME" IS '创建时间';
COMMENT ON COLUMN "JEECGBOOT"."JIMU_REPORT_MAP"."UPDATE_BY" IS '修改人';
COMMENT ON COLUMN "JEECGBOOT"."JIMU_REPORT_MAP"."UPDATE_TIME" IS '修改时间';
COMMENT ON COLUMN "JEECGBOOT"."JIMU_REPORT_MAP"."DEL_FLAG" IS '0表示未删除,1表示删除';
COMMENT ON TABLE "JEECGBOOT"."JIMU_REPORT_MAP" IS '地图配置表';


-- ----------------------------
-- Checks structure for table JIMU_REPORT
-- ----------------------------
ALTER TABLE "JEECGBOOT"."JIMU_REPORT" ADD CONSTRAINT "SYS_C0021891" CHECK ("ID" IS NOT NULL) NOT DEFERRABLE INITIALLY IMMEDIATE NORELY VALIDATE;

-- ----------------------------
-- Checks structure for table JIMU_REPORT_DATA_SOURCE
-- ----------------------------
ALTER TABLE "JEECGBOOT"."JIMU_REPORT_DATA_SOURCE" ADD CONSTRAINT "SYS_C0021892" CHECK ("ID" IS NOT NULL) NOT DEFERRABLE INITIALLY IMMEDIATE NORELY VALIDATE;

-- ----------------------------
-- Checks structure for table JIMU_REPORT_DB
-- ----------------------------
ALTER TABLE "JEECGBOOT"."JIMU_REPORT_DB" ADD CONSTRAINT "SYS_C0021893" CHECK ("ID" IS NOT NULL) NOT DEFERRABLE INITIALLY IMMEDIATE NORELY VALIDATE;

-- ----------------------------
-- Checks structure for table JIMU_REPORT_DB_FIELD
-- ----------------------------
ALTER TABLE "JEECGBOOT"."JIMU_REPORT_DB_FIELD" ADD CONSTRAINT "SYS_C0021894" CHECK ("ID" IS NOT NULL) NOT DEFERRABLE INITIALLY IMMEDIATE NORELY VALIDATE;

-- ----------------------------
-- Checks structure for table JIMU_REPORT_DB_PARAM
-- ----------------------------
ALTER TABLE "JEECGBOOT"."JIMU_REPORT_DB_PARAM" ADD CONSTRAINT "SYS_C0021895" CHECK ("ID" IS NOT NULL) NOT DEFERRABLE INITIALLY IMMEDIATE NORELY VALIDATE;
ALTER TABLE "JEECGBOOT"."JIMU_REPORT_DB_PARAM" ADD CONSTRAINT "SYS_C0021896" CHECK ("JIMU_REPORT_HEAD_ID" IS NOT NULL) NOT DEFERRABLE INITIALLY IMMEDIATE NORELY VALIDATE;
ALTER TABLE "JEECGBOOT"."JIMU_REPORT_DB_PARAM" ADD CONSTRAINT "SYS_C0021897" CHECK ("PARAM_NAME" IS NOT NULL) NOT DEFERRABLE INITIALLY IMMEDIATE NORELY VALIDATE;

-- ----------------------------
-- Checks structure for table JIMU_REPORT_MAP
-- ----------------------------
ALTER TABLE "JEECGBOOT"."JIMU_REPORT_MAP" ADD CONSTRAINT "SYS_C0021898" CHECK ("ID" IS NOT NULL) NOT DEFERRABLE INITIALLY IMMEDIATE NORELY VALIDATE;
